,company,rating,title,location,min,max,avg,datepost,lat,lng,skills
0,HEALTHEC,3.5,Data Analyst,"Edison, NJ",42000,75000,58500,11,40.5187154,-74.4120953,"['Python', 'SQL', 'R', 'Tableau', 'Excel']"
1,Rocketrip,3.5,Data Analyst,"New York, NY",61000,115000,88000,27,40.7503512,-73.9817982,"['Python', 'SQL', 'R', 'Tableau', 'Excel']"
2,Conduent,2.7,"Data Analyst II (SQL, Tableau)","New York, NY",62000,106000,84000,12,40.7526842,-73.9759022,"['Python', 'SQL', 'R', 'Java', 'Tableau', 'Oracle', 'Excel']"
3,SeatGeek,4.5,Data Analyst,"New York, NY",53000,98000,75500,11,40.7393536,-73.9894256,"['Python', 'SQL', 'R']"
4,Swiss Re,3.6,Data Analyst,"Armonk, NY",59000,107000,83000,3,41.0995246,-73.7324257,"['Python', 'SQL', 'R', 'Tableau', 'SAS', 'Excel']"
5,Visiting Nurse Service of New York,3.7,"Data Analyst, CHOICE","New York, NY",48000,85000,66500,15,40.7697396,-73.9640538,"['Python', 'SQL', 'R', 'Tableau', 'SAS', 'Excel']"
6,Taboola,3.9,"Data Analyst, Business Intelligence","New York, NY",52000,97000,74500,2,40.7429177,-73.9893185,"['SQL', 'R', 'Tableau', 'Excel', 'Business Intelligence']"
7,Charles River Associates,4.6,Data Analyst/Data Scientist (2020 Start) - Analytics - Multioffice,"New York, NY",57000,97000,77000,25,40.7542074,-73.9875741,"['Python', 'SQL', 'Machine Learning', 'R', 'Java', 'Tableau', 'SAS', 'Natural Language Processing', 'Excel', 'JavaScript', 'SPSS']"
8,Walmart eCommerce,3.2,Data Governance Business Analyst,"Hoboken, NJ",45000,86000,65500,16,40.7386606,-74.0277171,['R']
9,Callisto Media,4.7,Lead Data Analyst,"New York, NY",49000,88000,68500,4,40.7418793,-73.9985166,"['R', 'Big Data']"
10,Montefiore Medical,3.6,DATA ANALYST PATIENT EXPERIENCE,"New York, NY",53000,94000,73500,13,40.8606248,-73.8901001,"['SQL', 'R', 'Excel']"
11,Walmart eCommerce,3.2,"Senior Manager I, Data Analyst","Hoboken, NJ",110000,190000,150000,11,40.7386606,-74.0277171,['R']
12,Colgate-Palmolive,4,Data Analyst,"Piscataway, NJ",49000,94000,71500,4,40.5206807,-74.483115,"['Python', 'SQL', 'R', 'Java', 'Oracle', 'Git', 'PostgreSQL', 'MySQL', 'MongoDB']"
13,OceanFirst Financial,4.5,Data Quality Analyst,"Red Bank, NJ",46000,81000,63500,20,40.3512853,-74.0702902,"['SQL', 'R', 'Excel', 'Business Intelligence']"
14,National Grid USA,3.4,"Senior Quantitative Analyst,Data Science","Hicksville, NY",92000,180000,136000,11,40.7655542,-73.5120279,"['Python', 'SQL', 'R', 'Data Science']"
15,American CyberSystems,3.7,Data Analyst Entry Level,"Plainsboro, NJ",49000,91000,70000,3,40.582169,-75.6206821,"['R', 'Excel']"
16,Moda Operandi,2.7,Senior Data Analyst,"New York, NY",53000,95000,74000,16,40.7263022,-74.0080699,"['Python', 'SQL', 'R', 'Java', 'SAS', 'Excel', 'SPSS']"
17,Shareablee,3.1,Junior Data Analyst,"New York, NY",59000,110000,84500,18,40.709316,-74.006814,"['Python', 'SQL', 'R', 'Excel']"
18,PayPal,3.8,Data Analyst â€“ University Graduate,"New York, NY",73000,122000,97500,10,40.731718,-74.0083218,"['Python', 'SQL', 'R', 'Hadoop', 'Java', 'Tableau', 'Hive', 'Oracle', 'Linux', 'Excel', 'JavaScript', 'Perl']"
19,Test Force,4.1,Data Analyst,"New York, NY",58000,99000,78500,6,40.7130837,-74.0037209,"['SQL', 'R', 'Data Analysis']"
20,Endai,3.7,Data Analyst Entry Level,"New York, NY",34000,66000,50000,26,40.7322659,-73.9551278,['R']
21,Peloton,3.6,Jr Data Analyst,"New York, NY",41000,79000,60000,4,40.7433682,-73.994275,"['SQL', 'R', 'Excel', 'Business Intelligence']"
22,eVestment,4.3,Data & Business Analyst,"Jersey City, NJ",48000,93000,70500,12,40.0583238,-74.4056612,"['R', 'Excel']"
23,Kate Spade,3.6,"Data Analyst, CRM","New York, NY",50000,90000,70000,10,40.7396683,-73.9905555,"['SQL', 'R', 'Excel']"
24,HBO,3.5,Freelance Marketing Data Analyst,"New York, NY",70000,118000,94000,3,40.7550824,-73.9836796,"['Python', 'SQL', 'R', 'AWS']"
25,Google,4.4,"Product Analyst, Data Science","New York, NY",62000,110000,86000,17,40.7407628,-74.0020701,"['SQL', 'R', 'SAS', 'MATLAB', 'Data Science']"
26,Columbia University,4.1,Data Analyst,"New York, NY",47000,81000,64000,3,40.8075355,-73.9625727,['R']
27,Wyndham Hotels & Resorts,3.8,Hotel Program Operations and Data Analyst,"Parsippany, NJ",41000,74000,57500,19,40.8457971,-74.4385115,"['R', 'Excel', 'Business Intelligence']"
28,New York University,4.2,Data Analyst,"New York, NY",35000,57000,46000,14,40.7295134,-73.9964609,"['SQL', 'R', 'Tableau', 'Excel']"
29,Addepar,4.2,Data Operations Analyst,"New York, NY",59000,103000,81000,27,40.7535794,-73.9780925,"['Python', 'SQL', 'R', 'Excel']"
30,Cynet Systems,4.2,Data Analyst,"New York, NY",61000,111000,86000,3,40.702891,-74.0139722,['R']
31,CommonBond,4,Data Analyst,"New York, NY",53000,100000,76500,5,40.7227838,-73.998671,"['Python', 'SQL', 'R']"
32,Advantage xPO,3.6,Tableau Data Analyst,"New York, NY",46000,89000,67500,4,40.7067944,-74.0128876,"['Python', 'SQL', 'R', 'Hadoop', 'Tableau', 'SAS']"
33,Itemize,4,Data Analyst,"New York, NY",52000,95000,73500,14,40.7552112,-73.9801333,"['Python', 'SQL', 'R', 'Excel', 'MySQL', 'Business Intelligence']"
34,Work Market,4.5,Data Analyst,"New York, NY",52000,98000,75000,27,40.7534195,-73.9909765,"['Python', 'SQL', 'R', 'Java', 'Tableau', 'AWS', 'Data Analysis', 'PostgreSQL', 'MySQL', 'S3']"
35,"Coach, Inc.",3.7,"Data Analyst, CRM","New York, NY",58000,102000,80000,9,40.7146783,-73.9931228,"['SQL', 'R', 'Excel']"
36,Quartz Media Inc,3.9,Data Analyst,"New York, NY",45000,88000,66500,1,40.7421282,-73.9939864,['R']
37,NYU Langone Health,4,Data Analyst,"New York, NY",52000,93000,72500,9,40.7424589,-73.9738175,"['R', 'SAS', 'Microsoft Office', 'Excel']"
38,Peloton Cycle,3.6,People Data Analyst,"New York, NY",49000,92000,70500,5,40.7433682,-73.994275,"['R', 'Excel']"
39,"Collaborate Solutions, Inc.",3.4,Data Analyst,"New York, NY",57000,103000,80000,6,40.7127753,-74.0059728,"['SQL', 'R', 'Software Development']"
40,MSG,4.1,Data Analyst,"New York, NY",70000,126000,98000,5,40.7505045,-73.9934387,"['R', 'Tableau', 'Oracle', 'Excel']"
41,"Zipdrug, Inc",3.6,Data Analyst,"Jersey City, NJ",51000,98000,74500,10,40.0583238,-74.4056612,"['SQL', 'R']"
42,Montefiore Medical,3.6,DATA ANALYST PROGRAMMER,"New York, NY",48000,84000,66000,24,40.8606248,-73.8901001,"['Python', 'SQL', 'R', 'NoSQL']"
43,Knotel,4.1,Data Analyst,"New York, NY",46000,85000,65500,3,40.7643618,-73.9706519,"['Python', 'SQL', 'R', 'Tableau', 'Git']"
44,Alpha Consulting Corp.,3.9,Junior Data Analyst,"Plainsboro, NJ",87000,153000,120000,4,40.4057943,-74.4218501,"['R', 'AI', 'Data Analysis', 'Excel']"
45,Latham & Watkins,3.7,Marketing Communications Data Analyst,"New York, NY",59000,108000,83500,6,40.7577835,-73.9690648,"['R', 'Tableau', 'Data Science', 'Business Intelligence']"
46,Global Atlantic Financial Group,4.3,Mortgage Whole Loan Data & Collateral Analyst,"New York, NY",37000,69000,53000,19,40.7102889,-74.0122901,"['SQL', 'R', 'Excel']"
47,International Rescue Committee,3.9,Data Analyst,"New York, NY",51000,90000,70500,5,40.7545523,-73.9908539,"['R', 'Excel']"
48,Bloomberg,3.8,Data Analyst NetOps,"New York, NY",61000,105000,83000,26,40.7520028,-73.978422,"['Python', 'SQL', 'R', 'Java', 'Tableau', 'C/C++']"
49,Peloton Interactive,3.6,Junior Data Analyst,"New York, NY",41000,79000,60000,7,40.7447547,-73.9929619,"['SQL', 'R', 'Excel', 'Business Intelligence']"
50,Triton Digital,3.3,"Data Analyst, Technology","New York, NY",39000,73000,56000,5,40.7593023,-73.9900458,"['R', 'Excel']"
51,ThreatMetrix,3.8,Data Analyst,"New York, NY",46000,88000,67000,25,42.8710697,-77.8856212,"['Python', 'SQL', 'R', 'SAS', 'Excel']"
52,Bazaarvoice,3.8,Data Analyst,"New York, NY",67000,122000,94500,10,40.7398403,-73.9869933,"['SQL', 'R', 'Excel']"
53,YOOX NET-A-PORTER GROUP,2.8,Data Analyst - Personal Shopping,"New York, NY",55000,97000,76000,27,40.7369664,-73.9931755,"['SQL', 'R', 'Tableau', 'Excel']"
54,New York District Attorney's Office,3.8,Data Analyst,"New York, NY",52000,91000,71500,5,40.7156671,-74.0011638,"['Python', 'SQL', 'R', 'SAS', 'Microsoft Office', 'Excel']"
55,CipherHealth,3.7,"Data Analyst, Customer Success","New York, NY",46000,87000,66500,5,40.7512148,-73.9922255,"['SQL', 'R', 'Excel']"
56,"Premier, Inc.",3.4,Customer Data Analyst,"New York, NY",42000,75000,58500,12,40.705974,-74.012615,"['R', 'Excel']"
57,Columbia University,4.1,Data Analyst - Cardiology,"New York, NY",47000,81000,64000,3,40.8075355,-73.9625727,"['R', 'Microsoft Office', 'Excel', 'SPSS']"
58,Dow Jones,3.2,Audience Data Analyst,"New York, NY",75000,134000,104500,5,40.7585352,-73.9820713,"['Python', 'SQL', 'R', 'Tableau', 'Linux']"
59,Squarespace,3.5,"Systems/Data Analyst, Pricing","New York, NY",63000,116000,89500,5,40.7292829,-74.0057545,"['Python', 'SQL', 'R', 'Excel', 'Data Science']"
60,NYU,4.2,Data Modeling Analyst,"New York, NY",50000,86000,68000,13,40.7295134,-73.9964609,"['SQL', 'R', 'Tableau', 'SAS', 'Scripting', 'SPSS']"
61,IgnitionOne,3.1,Data Analyst,"New York, NY",48000,87000,67500,6,40.7456122,-73.9826301,"['Python', 'SQL', 'Machine Learning', 'R', 'Java', 'Tableau', 'AWS', 'Scala', 'AI', 'Microsoft Office', 'Excel']"
62,ApTask,4.2,Data Analyst,"New York, NY",56000,105000,80500,19,40.749682,-73.9867818,"['SQL', 'R', 'Data Analysis']"
63,OceanFirst Financial,4.5,Data Quality Analyst,"Red Bank, NJ",46000,81000,63500,21,40.3512853,-74.0702902,"['SQL', 'R', 'Excel', 'Business Intelligence']"
64,NYU Langone Health,4,Data Analyst,"New York, NY",52000,93000,72500,9,40.7424589,-73.9738175,"['R', 'SAS']"
65,CASES,3,"Senior Data Analyst, Pre-Trial Services","Brooklyn, NY",39000,70000,54500,24,40.6912321,-73.985799,"['SQL', 'R', 'Excel', 'SPSS']"
66,ThreatMetrix,3.8,Data Analyst,"New York, NY",46000,88000,67000,26,42.8710697,-77.8856212,"['Python', 'SQL', 'R', 'SAS', 'Excel']"
67,HEALTHEC,3.5,Data Analyst,"Edison, NJ",49000,76000,62500,26,40.5187154,-74.4120953,"['Python', 'SQL', 'R', 'Tableau', 'Excel']"
68,Blink Health,3.7,Data Analyst,"New York, NY",53000,86000,69500,18,40.7127753,-74.0059728,"['SQL', 'R', 'Spark', 'Big Data', 'AWS', 'Data Science']"
69,Affinity Solutions,2.8,Big Data Analyst / Engineer,"New York, NY",43000,70000,56500,11,40.7482184,-73.9891809,"['Python', 'SQL', 'R', 'Hadoop', 'Tableau', 'Hive', 'SAS', 'Big Data', 'Linux']"
70,Conduent,2.7,"Data Analyst II (SQL, Tableau)","New York, NY",52000,86000,69000,27,40.7526842,-73.9759022,"['Python', 'SQL', 'R', 'Java', 'Tableau', 'Oracle', 'Excel']"
71,MoneyLion,2.8,Risk Data Analyst,"New York, NY",43000,70000,56500,4,40.7127753,-74.0059728,"['Python', 'SQL', 'R', 'PostgreSQL', 'MongoDB']"
72,Moda Operandi,2.8,Senior Data Analyst,"New York, NY",65000,101000,83000,3,40.7263022,-74.0080699,"['Python', 'SQL', 'R', 'Java', 'SAS', 'Excel', 'SPSS']"
73,Walmart eCommerce,3.2,"Senior Manager I, Data Analyst","Hoboken, NJ",129000,182000,155500,26,40.7386606,-74.0277171,['R']
74,OceanFirst Financial,4.6,Data Quality Analyst,"Red Bank, NJ",41000,66000,53500,8,40.3512853,-74.0702902,"['SQL', 'R', 'Excel', 'Business Intelligence']"
75,RealPage,3.2,Data Analyst,"Hackensack, NJ",51000,81000,66000,13,40.0583238,-74.4056612,"['SQL', 'R']"
76,Addepar,4.2,Data Operations Analyst,"New York, NY",53000,78000,65500,14,40.7535794,-73.9780925,"['Python', 'SQL', 'R', 'Excel']"
77,SeatGeek,4.5,Data Analyst,"New York, NY",60000,95000,77500,26,40.7393536,-73.9894256,"['Python', 'SQL', 'R']"
78,Fareportal Inc.,3.5,Business Data Analyst,"New York, NY",48000,74000,61000,1,40.760927,-73.9825452,"['Python', 'SQL', 'R', 'Excel']"
79,NYU Langone Health,4,FGP Data Analyst,"New York, NY",50000,74000,62000,4,40.7424589,-73.9738175,"['R', 'Tableau', 'Excel', 'Perl', 'Business Intelligence']"
80,Walmart eCommerce,3.2,Data Governance Business Analyst,"Hoboken, NJ",55000,87000,71000,3,40.7386606,-74.0277171,['R']
81,The Shade Store,3.3,Business and Data Analyst,"Port Chester, NY",47000,77000,62000,21,41.0035112,-73.6593695,"['R', 'Tableau', 'Excel']"
82,TechField,3.6,Entry Level Data Analyst (Machine Learning Engineer),"Jersey City, NJ",37000,61000,49000,2,40.0583238,-74.4056612,"['Python', 'SQL', 'R', 'Big Data', 'Scala', 'NoSQL']"
83,Shareablee,3.1,Junior Data Analyst,"New York, NY",43000,71000,57000,5,40.709316,-74.006814,"['Python', 'SQL', 'R', 'Excel']"
84,Charles River Associates,4.6,Data Analyst/Data Scientist (2020 Start) - Analytics - Multioffice,"New York, NY",53000,85000,69000,12,40.7542074,-73.9875741,"['Python', 'SQL', 'Machine Learning', 'R', 'Java', 'Tableau', 'SAS', 'Natural Language Processing', 'Excel', 'JavaScript', 'SPSS']"
85,Spotify,3.6,"Data Analyst, Royalties and Accounting - Entertainment and Media Industry Opportunity","New York, NY",59000,96000,77500,13,40.7103908,-74.0119894,"['Python', 'SQL', 'Tableau']"
86,Taboola,3.8,"Data Analyst, Business Intelligence","New York, NY",49000,78000,63500,17,40.7429177,-73.9893185,"['SQL', 'R', 'Tableau', 'Excel', 'Business Intelligence']"
87,NYU Langone Health,4,Data Analyst,"New York, NY",51000,75000,63000,24,40.7424589,-73.9738175,"['R', 'SAS', 'Microsoft Office', 'Excel']"
88,Montefiore Medical,3.6,DATA ANALYST PATIENT EXPERIENCE,"New York, NY",51000,77000,64000,1,40.8606248,-73.8901001,"['SQL', 'R', 'Excel']"
89,Endai,3.7,Data Analyst Entry Level,"New York, NY",34000,56000,45000,13,40.7322659,-73.9551278,['R']
90,Wyndham Hotels & Resorts,3.9,Hotel Program Operations and Data Analyst,"Parsippany, NJ",48000,80000,64000,6,40.8457971,-74.4385115,"['R', 'Excel', 'Business Intelligence']"
91,MediaMath,3.7,Data Analyst - Account Analytics,"New York, NY",44000,71000,57500,3,40.7103025,-74.0119725,"['Python', 'SQL', 'R', 'Hadoop', 'Spark', 'Hive', 'AWS', 'Pig', 'Excel', 'S3']"
92,Bloomberg,3.8,Data Analyst - NetOps,"New York, NY",58000,85000,71500,15,40.7520028,-73.978422,"['Python', 'SQL', 'R', 'Java', 'Tableau', 'C/C++']"
93,Google,4.4,"Product Analyst, Data Science","New York, NY",56000,92000,74000,13,40.7407628,-74.0020701,"['SQL', 'R', 'SAS', 'MATLAB', 'Data Science']"
94,Bloomberg,3.8,Data Analyst NetOps,"New York, NY",58000,85000,71500,13,40.7520028,-73.978422,"['Python', 'SQL', 'R', 'Java', 'Tableau', 'C/C++']"
95,"CGI Group, Inc.",3.5,Data Analyst,"New York, NY",58000,95000,76500,7,40.7534783,-73.998996,['R']
96,YOOX NET-A-PORTER GROUP,2.8,Data Analyst - Personal Shopping,"New York, NY",44000,71000,57500,3,40.7369664,-73.9931755,"['SQL', 'R', 'Tableau', 'Excel', '.Net']"
97,eVestment,4.3,Data & Business Analyst,"Jersey City, NJ",53000,84000,68500,27,40.0583238,-74.4056612,"['R', 'Excel']"
98,Horizon Blue Cross Blue Shield of New Jersey,3.4,Data Reporting Analyst II,"Newark, NJ",53000,89000,71000,19,40.7339181,-74.1612284,"['SQL', 'SAS', 'Excel']"
99,Montefiore Medical,3.6,DATA ANALYST PROGRAMMER,"New York, NY",45000,68000,56500,11,40.8606248,-73.8901001,"['Python', 'SQL', 'R', 'NoSQL']"
100,New York Times,3.7,"Data & Insights Analyst, Wirecutter","New York, NY",67000,109000,88000,6,40.7560865,-73.9901118,"['Python', 'SQL', 'R', 'Tableau', 'Oracle', 'Excel', 'MySQL']"
101,Columbia University,4.1,Data Analyst,"New York, NY",40000,65000,52500,11,40.8075355,-73.9625727,"['SQL', 'R']"
102,Spotify,3.6,"Data Analyst, Royalties and Accounting","New York, NY",59000,96000,77500,25,40.7103908,-74.0119894,"['Python', 'SQL', 'Tableau']"
103,Compass,4.3,Data Analyst,"New York, NY",46000,73000,59500,4,40.7613806,-73.9693662,"['Python', 'SQL', 'R', 'Tableau', 'Excel']"
104,NYU,4.2,Data Modeling Analyst,"New York, NY",66000,91000,78500,1,40.7295134,-73.9964609,"['SQL', 'R', 'Tableau', 'SAS', 'Scripting', 'SPSS']"
105,MARSH,3.5,Data Analyst,"New York, NY",39000,63000,51000,4,40.7568582,-73.9820448,"['Python', 'SQL', 'R', 'Spark', 'Tableau', 'Excel']"
106,Net@Work,2.6,Data Analyst,"New York, NY",50000,78000,64000,1,40.755035,-73.991803,"['SQL', 'Tableau', 'Excel']"
107,BARK,3.3,Data Analyst,"New York, NY",48000,76000,62000,7,40.717895,-73.999289,"['Python', 'SQL', 'R', 'Excel']"
108,eCom Solutions,4.5,Data Analyst,"New Hyde Park, NY",47000,76000,61500,4,40.716977,-73.85763,"['SQL', 'R']"
109,New York District Attorney's Office,3.8,Data Analyst,"New York, NY",54000,86000,70000,20,40.7156671,-74.0011638,"['Python', 'SQL', 'R', 'SAS', 'Microsoft Office', 'Excel']"
110,CASES,2.9,"Senior Data Analyst, Pre-Trial Services","Brooklyn, NY",51000,81000,66000,15,40.6912321,-73.985799,"['SQL', 'R', 'Excel', 'SPSS']"
111,Work Market,4.5,Data Analyst,"New York, NY",50000,80000,65000,14,40.7534195,-73.9909765,"['Python', 'SQL', 'R', 'Java', 'Tableau', 'AWS', 'Data Analysis', 'PostgreSQL', 'MySQL', 'S3']"
112,Bazaarvoice,3.7,Data Analyst,"New York, NY",64000,101000,82500,21,40.7398403,-73.9869933,"['SQL', 'R', 'Excel']"
113,ThreatMetrix,3.8,Data Analyst,"New York, NY",49000,77000,63000,13,42.8710697,-77.8856212,"['Python', 'SQL', 'R', 'SAS', 'Excel']"
114,CommonBond,4,Data Analyst,"New York, NY",51000,84000,67500,20,40.7227838,-73.998671,"['Python', 'SQL', 'R']"
115,Uber,4.1,Data Analyst,"New York, NY",63000,97000,80000,2,40.7525708,-74.0064938,"['Python', 'SQL', 'R', 'Tableau', 'Excel']"
116,City of New York,3.5,Data Analyst,"New York, NY",57000,91000,74000,11,40.7127753,-74.0059728,"['SQL', 'R', 'Excel', 'SPSS']"
117,ITN Networks,2.7,Data Analyst,"New York, NY",34000,55000,44500,30,40.753412,-73.9720571,"['Python', 'SQL', 'R', 'Tableau', 'Excel', 'Business Intelligence']"
118,PlaceIQ,3.3,Data Analyst,"New York, NY",55000,88000,71500,6,40.7539141,-73.9853115,"['Python', 'SQL', 'R', 'Scala', 'Excel']"
119,Ventera,4.4,Business Data Analyst,"New York, NY",71000,106000,88500,12,40.7779338,-73.952452,"['SQL', 'R', 'Oracle', 'Excel']"
120,EHE,2.8,Data Analyst,"New York, NY",53000,81000,67000,25,40.7580024,-73.9794008,"['Python', 'SQL', 'R', 'Tableau', 'SAS', 'AWS', 'Excel']"
121,Citadel,4.3,"Office of the CAO | Reference Data, Operations Analyst","New York, NY",68000,92000,80000,4,40.7584868,-73.9701916,['R']
122,Net at Work,2.6,Data Analyst - NYC,"New York, NY",50000,78000,64000,5,40.755035,-73.991803,"['SQL', 'Tableau', 'Excel']"
123,Triton Digital,3.3,"Data Analyst, Technology","New York, NY",37000,57000,47000,20,40.7593023,-73.9900458,"['R', 'Excel']"
124,Point72,4.1,Data Analyst,"New York, NY",73000,115000,94000,4,40.7596432,-73.9745525,"['Python', 'SQL', 'R', 'Java', 'Excel']"
125,Columbia University,4.1,Associate Data and Research Analyst,"New York, NY",36000,56000,46000,30,40.8075355,-73.9625727,"['Python', 'SQL', 'R', 'Microsoft Office', 'Excel']"
126,Quartz Media Inc,3.9,Data Analyst,"New York, NY",43000,71000,57000,15,40.7421282,-73.9939864,['R']
127,Knotel,4.1,Data Analyst,"New York, NY",43000,72000,57500,17,40.7643618,-73.9706519,"['Python', 'SQL', 'R', 'Tableau', 'Git']"
128,eTeam Inc.,4,SQL Data Analyst,"New York, NY",58000,97000,77500,30,40.5499583,-74.4099261,"['SQL', 'R', 'Oracle']"
129,Compass,4.3,Data Analyst - Search,"New York, NY",46000,73000,59500,23,40.7613806,-73.9693662,"['SQL', 'R', 'MySQL', 'MongoDB']"
130,Stout Systems Development,4.8,Data Analyst,"White Plains, NY",75000,95000,85000,4,40.7127753,-74.0059728,"['R', 'Tableau']"
131,Itemize,4,Data Analyst,"New York, NY",46000,73000,59500,1,40.7552112,-73.9801333,"['Python', 'SQL', 'R', 'Excel', 'MySQL', 'Business Intelligence']"
132,Bounce Exchange,4.3,Data Analyst,"New York, NY",52000,84000,68000,8,40.756098,-73.9901882,"['SQL', 'R', 'Excel', 'Business Intelligence']"
133,Cox Media Group,3.5,Data Insights Analyst,"New York, NY",48000,79000,63500,12,40.7535171,-73.9699702,"['R', 'Microsoft Office', 'Excel']"
134,J.P.Morgan,3.9,Asset Management - Global Equities - Data Science - Analyst/Associate,"New York, NY",65000,108000,86500,13,40.7556188,-73.9763266,"['Python', 'R', 'Git', 'Data Science']"
135,Montefiore Medical,3.6,DATA ANALYST,"New York, NY",45000,68000,56500,11,40.8606248,-73.8901001,"['R', 'Excel']"
136,Citadel,4.3,"Office of the CAO | Reference Data, Technical Operations Analyst | Chicago/","New York, NY",68000,92000,80000,4,40.7584868,-73.9701916,"['Python', 'SQL', 'R', 'Tableau', 'Project Management']"
137,CASES,2.9,Data Analyst I,"Brooklyn, NY",42000,69000,55500,28,40.6912321,-73.985799,"['R', 'Microsoft Office', 'Excel']"
138,Guy Carpenter,3.1,Data Analyst,"New York, NY",60000,96000,78000,7,40.7568517,-73.9820388,"['Python', 'SQL', 'R', 'Spark', 'Tableau', 'Excel']"
139,Prudential,3.5,Investigations Data Analyst,"Newark, NJ",40000,64000,52000,1,40.737683,-74.174441,"['R', 'Excel']"
140,NYU,4.2,Data Analyst,"New York, NY",35000,57000,46000,26,40.7295134,-73.9964609,"['SQL', 'R', 'Tableau', 'Excel']"
141,BNY Mellon,3.1,"Analyst,Data Management Quantitative Analysis","New York, NY",48000,77000,62500,30,40.714291,-74.0117809,"['Python', 'R', 'Excel']"
142,IgnitionOne,3.1,Data Analyst,"New York, NY",56000,87000,71500,21,40.7456122,-73.9826301,"['Python', 'SQL', 'Machine Learning', 'R', 'Java', 'Tableau', 'AWS', 'Scala', 'AI', 'Microsoft Office', 'Excel']"
143,TECHNOCRAFT Solutions,3.6,Data analyst,"New York, NY",46000,77000,61500,22,42.8710697,-77.8856212,"['Python', 'SQL', 'R', 'Java', 'Tableau', 'Oracle', 'JavaScript']"
144,Columbia University,4.1,Marketing and Enrollment Data Analyst,"New York, NY",40000,65000,52500,3,40.8075355,-73.9625727,"['R', 'Excel']"
145,MediaMath,3.7,Data Analyst / Data Engineer,"New York, NY",96000,129000,112500,27,40.7103025,-74.0119725,"['Python', 'SQL', 'R', 'Hadoop', 'Spark', 'Hive', 'AWS', 'Excel', 'S3']"
146,Procter & Gamble,4,Data Analyst,"Newark, NJ",62000,105000,83500,7,40.7584699,-73.96849,"['Python', 'SQL', 'R', 'Spark', 'Java', 'Tableau', 'SAS', 'AI', 'Excel']"
147,CompStak,4.4,Data Operations Analyst,"New York, NY",61000,92000,76500,18,40.7283334,-73.9915894,"['SQL', 'R', 'Excel', 'MySQL']"
148,ApTask,4.2,Business/Data Analyst,"New York, NY",60000,94000,77000,6,40.749682,-73.9867818,"['SQL', 'R', 'Data Analysis']"
149,Capgemini,3.7,Data Analyst,"New York, NY",50000,85000,67500,12,40.7370304,-73.9925066,"['SQL', 'R', 'Oracle']"
150,Resourcesys,4.5,Data Analyst,"New Hyde Park, NY",50000,84000,67000,7,41.7667602,-73.9015246,"['SQL', 'Tableau', 'Excel']"
151,Shutterstock,2.9,Data Analyst,"New York, NY",71000,111000,91000,16,40.7485411,-73.9857629,"['Python', 'SQL', 'R', 'Tableau', 'Excel']"
152,New York-Presbyterian Hospital,4.1,Data Analyst - ACO,"New York, NY",51000,77000,64000,13,40.7643316,-73.9542559,"['Python', 'SQL', 'R', 'Tableau', 'SAS', 'Excel']"
153,Capco,3.8,Data Analyst,"New York, NY",53000,84000,68500,21,40.704281,-74.0082994,"['SQL', 'R', 'SAS', 'AI', 'Excel', 'SPSS']"
154,MealPal,3,Data Analyst,"New York, NY",54000,87000,70500,7,40.7451715,-73.9900275,"['SQL', 'R', 'Excel']"
155,AXION Healthcare Solutions,3.5,Data Analyst,"New York, NY",41000,65000,53000,7,40.7539128,-73.9864173,"['R', 'AI']"
156,Global Atlantic Financial Group,4.3,Mortgage Whole Loan Data & Collateral Analyst,"New York, NY",44000,66000,55000,6,40.7102889,-74.0122901,"['SQL', 'R', 'Excel']"
157,Intellipro Group Inc.,3.4,Data Analyst,"New York, NY",65000,101000,83000,5,37.3771934,-121.9631181,"['R', 'Excel']"
158,Citibank,3.4,Data Quality Analyst,"New York, NY",50000,79000,64500,5,40.778222,-73.981391,"['Python', 'SQL', 'R', 'Oracle', 'Excel', 'S3']"
159,Two Sigma,4.4,Data Research and Acceleration Analyst,"New York, NY",108000,175000,141500,6,40.7233424,-74.0043514,"['Python', 'SQL', 'Excel']"
160,Tiffany & Co.,3.3,"Senior Analyst, Customer Analytics & Data Science","New York, NY",68000,110000,89000,6,40.7627046,-73.9737215,"['Python', 'SQL', 'R', 'Tableau', 'SAS', 'AWS', 'Excel', 'Data Science']"
161,UBS,3.5,Data Quality Analyst,"Weehawken, NJ",49000,77000,63000,3,40.7598542,-74.023259,"['SQL', 'R', 'Excel']"
162,Compass,4.3,Senior Data Analyst - New York City,"New York, NY",87000,132000,109500,27,40.7613806,-73.9693662,"['Python', 'SQL', 'R', 'Tableau', 'PostgreSQL', 'MySQL']"
163,ADP,3.7,Data Analyst,"New York, NY",49000,79000,64000,14,40.743679,-73.9911802,"['Python', 'SQL', 'R', 'Java', 'Tableau', 'AWS', 'Data Analysis', 'PostgreSQL', 'MySQL', 'S3']"
164,Fragomen Worldwide,3.1,Data Analyst,"New York, NY",48000,80000,64000,1,40.7530803,-73.987024,"['R', 'Tableau', 'Excel']"
165,ApTask,4.2,Data Analyst,"New York, NY",62000,105000,83500,6,40.749682,-73.9867818,"['SQL', 'R', 'Data Analysis']"
166,RMS Computer Corp.,3.8,Business/Data Analyst,"New York, NY",48000,74000,61000,6,40.7578343,-73.9824195,['R']
167,Milliman,4,Healthcare Data Analyst,"New York, NY",49000,78000,63500,19,40.7511649,-73.9924654,"['SQL', 'R', 'Tableau', 'SAS', 'Excel']"
168,WebMD,2.5,Associate Data Reporting Analyst,"New York, NY",55000,92000,73500,18,40.7291207,-74.0077944,"['SQL', 'R', 'Tableau', 'Oracle', 'Linux', 'Microsoft Office', 'Excel', 'Business Intelligence']"
169,Peloton Interactive,3.5,IT Technical Business Analyst - Data Integrations,"New York, NY",62000,100000,81000,4,40.7447547,-73.9929619,"['SQL', 'R', 'Oracle', 'MySQL']"
170,APN Consulting,4.2,Data Analyst,"Jersey City, NJ",59000,95000,77000,27,40.7520016,-73.9866621,"['R', 'Tableau', 'Excel']"
171,TechDigital Corporation,3.5,Data Analyst - Analytics/SQL,"New York, NY",48000,79000,63500,30,44.7388072,-93.2892273,"['SQL', 'R', 'Oracle']"
172,EmblemHealth,2.7,"Data Analyst, Special Investigations Unit","New York, NY",47000,76000,61500,2,40.8096794,-73.9489894,"['SQL', 'R', 'SAS', 'Excel']"
173,Major League Baseball,3,BI Data Analyst,"New York, NY",57000,95000,76000,7,40.7547521,-73.974529,"['Python', 'SQL', 'R', 'Java', 'Tableau', 'Excel', 'MySQL', 'Business Intelligence']"
174,CipherHealth,3.6,"Data Analyst, Customer Success","New York, NY",44000,69000,56500,8,40.7512148,-73.9922255,"['SQL', 'R', 'Excel']"
175,S&P Global,3.5,Quantitative Analyst/Data Scientist,"New York, NY",121000,194000,157500,6,40.7033226,-74.0088962,"['Python', 'SQL', 'R', 'Excel']"
176,Mount Sinai Health System,3.4,"Data Analyst I, Department of OBGYN","New York, NY",45000,66000,55500,7,40.7702407,-73.9906883,"['R', 'Excel']"
177,Diverse Lynx,3.6,Data Analyst,"Jersey City, NJ",51000,86000,68500,12,40.319473,-74.631463,"['R', 'Excel']"
178,Millennium Partners,4.2,Data Analyst/Engineer,"New York, NY",70000,113000,91500,3,40.7753909,-73.9826056,"['Python', 'SQL', 'R', 'Linux', 'Excel']"
179,Mount Sinai Health System,3.4,"Data Analyst II, Environmental Medicine and Public Health","New York, NY",54000,79000,66500,5,40.7702407,-73.9906883,"['SQL', 'R', 'Java']"
180,Brooklyn Hospital Center,2.9,Data Analyst,"Brooklyn, NY",47000,70000,58500,25,40.6908507,-73.9779947,"['R', 'AI']"
181,New York Life Insurance Company,3.5,Data Analyst,"New York, NY",51000,83000,67000,25,40.7430067,-73.986261,"['SQL', 'R', 'Hadoop', 'Java', 'Tableau', 'SAS', 'Microsoft Office', 'Excel']"
182,American Civil Liberties Union,3.1,Data Analyst,"New York, NY",45000,75000,60000,24,40.7023357,-74.0105156,"['Python', 'SQL', 'R', 'Tableau']"
183,Mount Sinai Health System,3.4,"Data Analyst I, Department of Psychiatry","New York, NY",45000,66000,55500,13,40.7702407,-73.9906883,"['R', 'Excel']"
184,Tachyon Technologies,4.3,Data Analyst,"New York, NY",49000,82000,65500,22,32.892785,-96.979553,"['Python', 'SQL', 'R', 'Tableau']"
185,NYC Criminal Justice Agency,2.7,Data Analyst,"New York, NY",44000,73000,58500,14,40.7150606,-74.0058265,"['Python', 'R', 'Excel', 'SPSS']"
186,New York-Presbyterian Hospital,4.1,Senior Financial Analyst/Data Analyst - Decision Support,"New York, NY",65000,93000,79000,5,40.7643316,-73.9542559,"['SQL', 'R', 'Excel']"
187,UncommonGoods,3.8,Data Analyst,"Brooklyn, NY",47000,77000,62000,14,40.6446634,-74.0237448,"['Python', 'SQL', 'R', 'Tableau', 'Git']"
188,Crescens Inc.,3.2,Data Analyst,"Jersey City, NJ",38000,64000,51000,26,40.577027,-74.587278,"['SQL', 'R', 'Tableau', 'Excel']"
189,City of New York,3.5,"Data Analyst, Harlem Neighborhood Health Action Center","New York, NY",50000,83000,66500,7,40.7127753,-74.0059728,"['R', 'Tableau', 'SAS', 'Microsoft Office', 'Excel', 'SPSS']"
190,Child Mind Institute,3.6,"Data Analyst, Autism Center & Center for the Developing Brain","New York, NY",49000,74000,61500,7,40.760866,-73.970817,"['Python', 'R']"
191,Intervarsity,4.2,Data Analyst,"New York, NY",39000,64000,51500,14,40.7083946,-74.0128257,"['SQL', 'R', 'Tableau', 'Data Analysis', 'SPSS']"
192,Real Capital Analytics,3.9,Data Analyst,"New York, NY",39000,66000,52500,13,40.737673,-73.992925,"['Python', 'SQL', 'R', 'Tableau', 'SAS', 'Excel']"
193,United Federation of Teachers,3.5,Data Analyst,"New York, NY",46000,72000,59000,28,40.706483,-74.012274,['R']
194,"AmTrust Financial Services, Inc.",3,Data Analyst,"Jersey City, NJ",48000,79000,63500,5,40.708772,-74.007906,"['SQL', 'R', 'Tableau']"
195,Refinitiv,3.5,Data Analyst,"New York, NY",41000,70000,55500,13,40.756392,-73.986783,"['Python', 'SQL', 'R', 'Oracle', 'Excel']"
196,YAI - Seeing beyond disability,3.2,Data Analyst,"New York, NY",37000,62000,49500,1,40.7499506,-73.9730373,"['R', 'SAS', 'AI', 'Excel', 'SPSS']"
197,Capco,3.8,Data Quality Analyst,"New York, NY",53000,84000,68500,12,40.704281,-74.0082994,['R']
198,Citi,3.6,Data Quality Analyst,"New York, NY",53000,84000,68500,5,40.778222,-73.981391,"['Python', 'SQL', 'R', 'Oracle', 'Excel', 'S3']"
199,Facebook,4.4,"Data Analyst - News Partnerships, Media Partnerships","New York, NY",73000,119000,96000,1,40.7308197,-73.9913666,"['SQL', 'R', 'Hadoop', 'Tableau', 'Hive', 'Excel']"
200,Deloitte,3.8,"Specialist Analyst Data Scientist - Technology, Consulting - Insight Studio - UG - Northwestern University (Summer/Fall)","New York, NY",132000,185000,158500,27,40.7589632,-73.9793374,"['Python', 'SQL', 'R']"
201,BuzzFeed,2.9,Senior Data Analyst,"New York, NY",74000,118000,96000,20,40.737025,-73.9877829,"['Python', 'SQL', 'R']"
202,Simon Property Group,2.7,Venture Capital Analyst - Data Scientist,"New York, NY",81000,120000,100500,8,40.7589646,-73.9717176,"['R', 'Excel']"
203,Rockstar Games,3.7,Senior Data Analyst,"New York, NY",65000,100000,82500,20,40.7258201,-73.996047,"['Python', 'SQL', 'R', 'Hadoop', 'Tableau', 'SAS', 'SPSS', 'Business Intelligence']"
204,Virtu Financial,3.4,Market Data Analyst,"New York, NY",64000,100000,82000,26,40.709808,-74.0107905,"['R', 'Excel']"
205,Columbia University,4.1,Data Research Analyst,"New York, NY",37000,57000,47000,30,40.8075355,-73.9625727,"['Python', 'SQL', 'R', 'Microsoft Office', 'Excel', 'Project Management']"
206,Marsh & McLennan Companies,3.4,Data Analyst,"New York, NY",43000,69000,56000,5,40.7568582,-73.9820448,"['Python', 'SQL', 'R', 'Spark', 'Tableau', 'Excel']"
207,RMS Computer Corporation,3.8,Financial Reporting/Data Analyst -Investment Bank,"Jersey City, NJ",47000,79000,63000,12,40.7578343,-73.9824195,"['R', 'Excel']"
208,Dime Community Bank,2.9,Data Analyst,"Brooklyn, NY",35000,57000,46000,11,40.6938541,-73.9915176,"['Python', 'SQL', 'R', 'Java', 'SAS', 'Excel']"
209,CBS,3.6,"Analyst, Data Governance","New York, NY",44000,78000,61000,30,40.7697203,-73.9907296,"['R', 'Excel']"
210,Point72,4.1,Data Support Analyst,"New York, NY",67000,103000,85000,18,40.7596432,-73.9745525,"['R', 'Excel']"
211,Salesforce,4.3,Winter 2020 Co-op - Data and Automation Analyst,"New York, NY",62000,82000,72000,1,40.7517134,-73.9732568,"['R', 'Data Science']"
212,Elite Technical,5,Healthcare Data Analyst,"New York, NY",45000,75000,60000,18,40.7556825,-73.9788438,"['SQL', 'R', 'SAS', 'Excel']"
213,Gallagher,3.1,Data Analyst,"New York, NY",46000,73000,59500,12,40.7628721,-73.9838376,['R']
214,"NTT DATA, Inc.",3,BA/Data Analyst,"Jersey City, NJ",50000,80000,65000,3,42.6807724,-73.763693,"['R', 'AWS', 'Data Analysis']"
215,Compass,4.3,Senior Data Analyst - Data Infrastructure,"New York, NY",87000,132000,109500,13,40.7613806,-73.9693662,"['SQL', 'Tableau']"
216,FDM Group,3.3,New York - Junior Data / Business Intelligence Analyst New York,"New York, NY",36000,51000,43500,4,40.707443,-74.010739,"['Data Analysis', 'Excel', 'Business Intelligence']"
217,Cygnus Professionals,3.9,Data Analyst,"New York, NY",43000,70000,56500,30,40.5369486,-74.5252847,"['Python', 'SQL', 'R', 'Tableau']"
218,Mount Sinai Health System,3.4,Data Analyst I- MSH Physcian Access Services - FT- Days,"New York, NY",45000,66000,55500,1,40.7702407,-73.9906883,"['R', 'Excel']"
219,Blue Apron,3,Senior Data Analyst,"New York, NY",63000,98000,80500,1,40.708227,-74.0090809,"['SQL', 'R', 'Tableau']"
220,Mount Sinai Health System,3.4,Data Analyst I - Geriatrics and Palliative Care,"New York, NY",41000,60000,50500,21,40.7702407,-73.9906883,['R']
221,XDuce,4.2,Data Analyst - Analytics/SQL,"New York, NY",46000,79000,62500,30,40.5652256,-74.3320131,"['SQL', 'R', 'Oracle']"
222,Virtus Partners,3,Data Analyst II or III (Structured Finance),"New York, NY",46000,74000,60000,10,40.7052396,-74.0067118,"['R', 'Excel']"
223,NYC Health + Hospitals,3.3,Data Quality Analyst,"New York, NY",59000,89000,74000,1,40.7034598,-74.0088973,"['SQL', 'R', 'Microsoft Office', 'Excel', 'Project Management']"
224,NYU Langone Health,4,Sr Data Analyst- Population Health,"New York, NY",62000,90000,76000,11,40.7424589,-73.9738175,"['SQL', 'R', 'SAS']"
225,The Children's Place,2.7,Data Scientist - Digital Analyst,"Secaucus, NJ",101000,146000,123500,13,40.7843807,-74.0756396,"['Python', 'SQL', 'R', 'SAS']"
226,"DVF Studio, LLC",2.9,Master Data Analyst,"New York, NY",49000,79000,64000,21,40.7414422,-74.0072969,"['R', 'Excel']"
227,IPRO,3.2,Data Analyst,"Lake Success, NY",41000,63000,52000,26,40.7553041,-73.693596,"['R', 'SAS', 'Excel', 'SPSS']"
228,Fidelis Group,3.5,Data Analyst,"Little Ferry, NJ",36000,57000,46500,13,40.8410682,-74.0328235,"['SQL', 'R', 'Java', 'Git', 'Excel', 'S3']"
229,Lorven Technologies Inc,4,Data Analyst - Analytics/SQL,"New York, NY",47000,76000,61500,30,40.330886,-74.585524,"['SQL', 'R', 'Oracle']"
230,Colgate-Palmolive,4,Data Analyst,"Piscataway, NJ",52000,88000,70000,25,40.5206807,-74.483115,"['Python', 'SQL', 'R', 'Java', 'Oracle', 'Git', 'PostgreSQL', 'MySQL', 'MongoDB']"
231,Chubb,3.4,Data Analyst,"Whitehouse Station, NJ",67000,106000,86500,21,40.6459615,-74.7648489,"['SQL', 'R', 'Excel', 'Business Intelligence']"
232,IQVIA,3.5,Data Analyst (Home-based) - Eastern Timezone - XWA,"New York, NY",43000,73000,58000,17,40.714414,-74.0167691,"['R', 'Data Analysis', 'Excel', 'Business Intelligence']"
233,Alibaba Group,4,ICBU Senior Data Analyst Alibaba.com,"New York, NY",83000,126000,104500,3,40.7412849,-74.0076843,['R']
234,"TechnoSphere, Inc",4.9,Junior/Mid-level Data Analyst with AML,"New York, NY",36000,59000,47500,1,40.9326253,-73.9952793,['Excel']
235,Itlize Global,4.7,Data Analyst,"Piscataway, NJ",39000,65000,52000,8,40.5543025,-74.4750825,"['SQL', 'R', 'PostgreSQL', 'MySQL']"
236,IEEE,3.4,Data Analyst,"Piscataway, NJ",38000,62000,50000,4,40.5399839,-74.4710527,"['R', 'Tableau', 'Oracle', 'Microsoft Office', 'Excel']"
237,Noom US,4.4,Senior Data Analyst,"New York, NY",66000,105000,85500,1,40.7480041,-73.9947147,"['Python', 'SQL', 'R', 'Tableau']"
238,WW International (formerly Weight Watchers),3.1,Data Analyst,"New York, NY",50000,82000,66000,18,40.7419517,-73.9937927,"['SQL', 'R', 'Excel']"
239,Legg Mason,2.9,Data Governance Analyst,"New York, NY",59000,95000,77000,30,40.756098,-73.9901882,"['Python', 'R', 'Tableau', 'Excel']"
240,Tata Consultancy Services (North America),3.7,Data Modeler/analyst,"New York, NY",84000,113000,98500,10,40.7509771,-73.977631,"['SQL', 'R', 'Oracle', 'Excel']"
241,Sony Music Entertainment,4.1,"Senior Data Operations Analyst, Data Analytics","New York, NY",68000,98000,83000,15,40.7419689,-73.9869672,"['Python', 'SQL', 'R', 'Java', 'Tableau', 'Git']"
242,Brown Brothers Harriman,3.2,Data Governance Technical Analyst,"Jersey City, NJ",60000,102000,81000,1,40.718787,-74.034429,"['SQL', 'R', 'Big Data', 'Excel']"
243,LOGIXtech Solutions,2.9,Business Data Analyst w/ SQL,"New York, NY",74000,111000,92500,1,40.5622363,-74.3343561,"['SQL', 'R', 'Project Management']"
244,Square,3.9,Senior Compliance Data Analyst,"New York, NY",75000,116000,95500,27,40.7579747,-73.9855426,"['Python', 'SQL', 'R', 'Git', 'Excel']"
245,Talent Inc.,3.8,Senior Data Analyst,"New York, NY",54000,91000,72500,7,40.7342648,-73.992157,"['SQL', 'R', 'Tableau', 'NoSQL', 'Excel']"
246,Sphinix Network Solutions Inc.,1,Tech Business/Data Analyst,"New York, NY",44000,67000,55500,21,40.7446828,-73.9848745,"['Python', 'SQL', 'R', 'Java', 'Excel', 'Perl', 'Software Development']"
247,WW International (formerly Weight Watchers),3.1,Data Analyst (Marketing Analytics),"New York, NY",45000,76000,60500,5,40.7419517,-73.9937927,"['SQL', 'R', 'Excel']"
248,Catholic Health Services of Long Island,3.2,Data Analyst,"Roslyn, NY",65000,96000,80500,10,40.686375,-73.630677,['R']
249,EmblemHealth,2.7,Data Governance Analyst Technical Steward,"New York, NY",75000,107000,91000,2,40.8096794,-73.9489894,"['SQL', 'R', 'Tableau', 'Data Warehouse', 'Excel', 'Project Management']"
250,Cantor Fitzgerald,2.5,"Cantor Fitzgerald: Client Data Management, Analyst","New York, NY",50000,80000,65000,20,40.762448,-73.9692744,"['R', 'Excel']"
251,SmartSource Rentals,3.6,Data Analyst,"Hauppauge, NY",50000,84000,67000,18,40.815951,-73.2576179,"['Python', 'SQL', 'R', 'Tableau', 'Big Data', 'Oracle', 'Data Analysis', 'Azure', 'Excel']"
252,The Orchard,3.4,"Senior Data Operations Analyst, Data Analytics","New York, NY",50000,73000,61500,15,40.7278674,-73.9926904,"['Python', 'SQL', 'R', 'Java', 'Tableau', 'Git']"
253,Regeneron,3.7,"NGS Data Analyst, Regeneron Genetics Center","Tarrytown, NY",59000,96000,77500,25,41.0767773,-73.8263889,"['Python', 'R', 'AWS', 'Git']"
254,Mount Sinai Medical Center,3.1,"Data Analyst II, Environmental Medicine and Public Health","New York, NY",54000,80000,67000,3,40.789241,-73.9545211,"['SQL', 'R', 'Java']"
255,Amazon,3.8,Sr. Business Intelligence Engineer / Data Analyst,"New York, NY",104000,143000,123500,27,40.7532782,-73.9988756,"['Python', 'SQL', 'R', 'Tableau', 'AWS', 'Excel', 'Business Intelligence']"
256,UBS,3.5,Data Lineage Analyst - Data Governance,"New York, NY",83000,115000,99000,7,40.7609426,-73.9800239,"['SQL', 'R', 'Excel']"
257,Diverse Lynx,3.6,QlikSense / Data Analyst,"Jersey City, NJ",51000,86000,68500,30,40.319473,-74.631463,"['SQL', 'R']"
258,Compu-Vision Consulting Inc.,3.3,Data Mapper/ Data Analyst,"New York, NY",74000,120000,97000,30,40.4577281,-74.5105423,"['R', 'Data Analysis']"
259,Emblem Health,2.7,Data Governance Analyst,"New York, NY",54000,85000,69500,30,40.8096794,-73.9489894,"['SQL', 'R', 'Data Warehouse', 'Excel', 'Project Management', 'Business Intelligence']"
260,Diverse Lynx,3.6,Sure shot: Data Analyst with SQL/PLSQL/BI/Datawarehousing,"New York, NY",51000,86000,68500,30,40.319473,-74.631463,"['SQL', 'R', 'Excel']"
261,"Discovery Communications, Inc.",3.5,Sr Data Analyst,"New York, NY",69000,113000,91000,3,40.7568975,-73.9703852,"['Python', 'SQL', 'R', 'Spark', 'Java', 'Tableau', 'Big Data', 'AWS', 'Scala', 'NoSQL', 'Oracle', 'Azure', 'MySQL', 'Data Science', 'S3']"
262,"TechnoSphere, Inc",4.9,AML Data Analyst,"New York, NY",45000,75000,60000,18,40.9326253,-73.9952793,"['SQL', 'Excel']"
263,ACA Compliance Group,4.3,Data Analyst,"New York, NY",39000,65000,52000,30,40.7517576,-73.9871653,"['SQL', 'R', 'Data Warehouse', 'Git', 'Excel']"
264,Public Consulting Group,3.2,Data Analyst,"Princeton, NJ",50000,78000,64000,13,40.3279729,-74.6467299,"['Python', 'SQL', 'R', 'Tableau', 'Excel']"
265,Metroplus Health Plan,3,Data Quality Analyst,"New York, NY",48000,73000,60500,1,40.706594,-74.005651,"['SQL', 'R', 'Microsoft Office', 'Excel', 'Project Management']"
266,New York City Taxi and Limousine Commission,3.6,Program Data Analyst,"New York, NY",38000,65000,51500,5,40.705332,-74.01199,"['Python', 'SQL', 'R', 'Excel']"
267,Momentum Resource Solutions,3.6,Financial Data Analyst (Healthcare),"New York, NY",45000,72000,58500,4,40.5227598,-74.3279174,"['R', 'Excel']"
268,Moxie,3.1,"Analyst, Data Architecture","New York, NY",102000,145000,123500,3,40.7522851,-73.9891552,"['R', 'Spark']"
269,Lorven Technologies Inc,4,Data Analyst,"New York, NY",47000,76000,61500,30,40.330886,-74.585524,"['SQL', 'Java', 'SAS', 'Excel', 'SPSS']"
270,BGC Partners,3.1,"Cantor Fitzgerald: Client Data Management, Analyst","New York, NY",57000,92000,74500,30,40.762531,-73.969601,"['R', 'Excel']"
271,TechProjects,4.8,Data Analyst-Junior Profiles also works-Only NY/NJ Candidates Please on w2 Only,"Jersey City, NJ",41000,63000,52000,10,40.0583238,-74.4056612,"['Python', 'SQL', 'R', 'Tableau', 'Excel']"
272,eTeam Inc.,4,Senior Data Analyst,"New York, NY",80000,129000,104500,27,40.5499583,-74.4099261,"['SQL', 'R', 'Data Analysis', 'Excel']"
273,Citadel,4.3,"Office of the CAO | Reference Data, Project Manager/Business Analyst","New York, NY",122000,164000,143000,4,40.7584868,-73.9701916,"['Python', 'SQL', 'R', 'Tableau', 'Project Management']"
274,Compu-Vision Consulting Inc.,3.3,Data Analyst - Compu-Vision Consulting Inc.,"New York, NY",73000,119000,96000,30,40.4577281,-74.5105423,['R']
275,Hospital for Special Surgery,4.2,Compliance Data Analyst,"New York, NY",52000,77000,64500,4,40.7650228,-73.952559,"['SQL', 'R', 'SAS']"
276,Verizon,3.6,Data Analyst,"Basking Ridge, NJ",54000,84000,69000,6,40.7253897,-74.5332873,"['SQL', 'R', '.Net']"
277,M&T Bank,3.3,Salesforce Data Analyst,"New York, NY",53000,84000,68500,2,40.7541634,-73.9820432,"['R', 'Microsoft Office', 'Excel']"
278,Seven Seven Softwares,3.5,Data Analyst,"Newark, NJ",53000,90000,71500,30,40.8973157,-74.5020352,"['Python', 'SQL', 'R', 'Hadoop', 'Spark', 'Java', 'Tableau', 'Hive', 'Excel', 'JavaScript', 'MySQL', 'S3']"
279,Vera Institute of Justice,2.7,"Data Analyst, CIJ","New York, NY",38000,64000,51000,21,40.6570493,-74.0077171,"['SQL', 'R', 'Tableau', 'AWS', 'Excel']"
280,Mount Sinai Medical Center,3.1,"Data Analyst I, Department of Psychiatry","New York, NY",38000,58000,48000,30,40.789241,-73.9545211,"['R', 'Excel']"
281,SoFi,3.6,"Senior/Staff Data Scientist, Analyst","New York, NY",156000,209000,182500,1,40.741386,-74.0075852,"['Python', 'SQL', 'R', 'Tableau', 'Excel']"
282,MediaMath,3.7,Senior Data Analyst,"New York, NY",56000,87000,71500,20,40.7103025,-74.0119725,"['Python', 'SQL', 'R', 'Hadoop', 'Spark', 'Hive', 'AWS', 'Pig', 'S3']"
283,Citi,3.6,Sr. Reference Data Business Analyst - SQL,"Jersey City, NJ",81000,133000,107000,6,40.72477,-74.0347368,"['SQL', 'R', 'Excel']"
284,Empower Professionals,4.7,Data Analyst - Empower Professionals,"Jersey City, NJ",50000,85000,67500,30,40.536939,-74.52528,"['R', 'Data Analysis']"
285,RELX Group,3.9,Fraud Data Analyst,"New York, NY",42000,70000,56000,3,40.7515865,-73.9774566,"['Python', 'SQL', 'R', 'SAS', 'Excel']"
286,VIVA USA,4.6,Data Analyst,"Tarrytown, NY",45000,76000,60500,3,42.0607067,-88.0248676,"['SQL', 'R', 'SAS', 'Oracle']"
287,Guardian Life,3.4,2020 Data Systems Analyst Inernship,"Freehold, NJ",53000,98000,75500,24,40.3650877,-74.167457,['Tableau']
288,AC Lion (2),4.2,"Data Analyst, Go-Live","New York, NY",40000,67000,53500,8,40.7526491,-73.9922257,"['Python', 'SQL', 'R', 'Excel']"
289,Cross River Bank,3.8,Data Analyst,"Fort Lee, NJ",46000,74000,60000,7,40.8857755,-74.005824,"['SQL', 'R', 'Tableau', 'Oracle', 'Data Science']"
290,Mount Sinai Health System,3.4,Data Science Analyst I Computational Biology - Genetics,"New York, NY",61000,95000,78000,5,40.7702407,-73.9906883,"['Python', 'R', 'SAS', 'Scala']"
291,S&P GLOBAL MARKET INTELLIGENCE,3.5,Quantitative Analyst/Data Scientist,"New York, NY",96000,155000,125500,6,40.7076346,-74.0107748,"['Python', 'SQL', 'R', 'Excel']"
292,Ideal Innovations,3.9,Data Analyst,"Wharton, NJ",59000,99000,79000,13,38.8805325,-77.1135489,"['R', 'MATLAB', 'Microsoft Office', 'Excel']"
293,City of New York,3.5,"Senior Data Analyst M/WBE, Enterprise Data Services","New York, NY",73000,120000,96500,12,40.7127753,-74.0059728,"['Python', 'SQL', 'R', 'SAS', 'Excel', 'SPSS']"
294,Berkeley Point Capital Holdings,3.6,"Cantor Fitzgerald: Client Data Management, Analyst","New York, NY",46000,74000,60000,26,38.9867474,-77.0950973,"['R', 'Excel']"
295,Diversified,3.4,"Data & Reporting Business Analyst - Kenilworth, NJ","New York, NY",56000,92000,74000,4,40.7520703,-73.978729,"['SQL', 'R', 'Tableau', 'Excel']"
296,Asembia,2.7,Data Analyst,"Florham Park, NJ",51000,86000,68500,7,40.7892622,-74.4314952,"['SQL', 'R', 'Excel']"
297,Newmark Knight Frank,3,"Cantor Fitzgerald: Client Data Management, Analyst","New York, NY",44000,70000,57000,26,40.7515865,-73.9774566,"['R', 'Excel']"
298,Sumitomo Mitsui Banking Corporation (SMBC),3.1,"Data Analyst (Americas Transformation & Strategy Department) in New York, New York | Careers at New York","New York, NY",45000,71000,58000,30,40.7553876,-73.9745822,"['R', 'Excel']"
299,Info. Objects,3.8,"Data Analyst with Tableau (CTH ROLE, direct onsite , Only Locals)","New Hyde Park, NY",36000,61000,48500,11,41.7667602,-73.9015246,"['Tableau', 'Excel']"
300,Softpath System LLC,3.8,Data Analyst 3,"New York, NY",52000,87000,69500,20,40.7077599,-74.0073929,"['SQL', 'R', 'SAS', 'Oracle']"
301,Pfizer,4,"Senior Associate, Data Management Reporting Analyst, Central Services","Peapack, NJ",75000,112000,93500,15,40.7304115,-74.6747949,"['SQL', 'R', 'Java', 'SAS', 'Oracle', 'Microsoft Office', 'Excel']"
302,J.P. Morgan,3.9,"Marketing Data Management Analyst, Corporate & Investment Bank","New York, NY",48000,77000,62500,5,40.7556188,-73.9763266,"['R', 'Tableau', 'Excel']"
303,Citibank,3.4,Sr. Reference Data Business Analyst - SQL,"Jersey City, NJ",99000,152000,125500,6,40.72477,-74.0347368,"['SQL', 'R', 'Excel']"
304,Hackensack Meridian Health,3.7,Clinical Data Analyst,"Edison, NJ",55000,83000,69000,5,40.5605917,-74.3357543,['R']
305,Compass,4.3,Senior Data Analyst,"New York, NY",87000,132000,109500,27,40.7613806,-73.9693662,"['Python', 'SQL', 'R', 'Tableau', 'PostgreSQL', 'MySQL']"
306,Dow Jones,3.4,Audience Data Analyst,"New York, NY",47000,75000,61000,20,40.7585352,-73.9820713,"['Python', 'SQL', 'R', 'Tableau', 'Linux']"
307,EY,3.7,"Data Analyst, Data & Analytics (Advanced Analytics) (Manager) (Multiple Positions)","Iselin, NJ",89000,123000,106000,14,40.5753817,-74.3223703,"['Python', 'SQL', 'R', 'Tableau', 'SAS', 'TensorFlow', 'SPSS']"
308,Virtus Partners LLC,3,Data Analyst II or III,"New York, NY",46000,74000,60000,20,40.7052396,-74.0067118,"['R', 'Excel']"
309,Mount Sinai Health System,3.4,Data Analyst II - Genetics,"New York, NY",59000,87000,73000,3,40.7702407,-73.9906883,"['R', 'Data Warehouse']"
310,AdvantageCare Physicians,2.1,Lead Data Analyst,"New York, NY",81000,120000,100500,3,40.7844236,-73.9485762,"['SQL', 'R', 'SAS', 'Oracle', 'Excel', 'Business Intelligence']"
311,Latham & Watkins,3.7,Marketing Communications Data Analyst,"New York, NY",69000,115000,92000,21,40.7577835,-73.9690648,"['R', 'Tableau', 'Data Science', 'Business Intelligence']"
312,Mount Sinai Medical Center,3.1,"Data Analyst I, Department of OBGYN","New York, NY",41000,60000,50500,30,40.789241,-73.9545211,"['R', 'Excel']"
313,Genpact,3.5,Data Analyst (Data Quality & Management),"New York, NY",43000,71000,57000,4,40.75664,-73.9833355,"['SQL', 'R', 'Tableau', 'SAS', 'Oracle', 'Azure', 'Excel', 'Project Management']"
314,New York City Department of Education .,3.5,"Business/Reporting Analyst, Office of Data Management","New York, NY",57000,95000,76000,1,40.732689,-73.9825897,"['SQL', 'R', 'Microsoft Office', 'Excel', 'Business Intelligence']"
315,Montefiore Medical,3.6,PAYROLL DATA ANALYST,"New York, NY",45000,68000,56500,15,40.8606248,-73.8901001,"['R', 'Microsoft Office', 'Excel']"
316,Healthfirst (New York),2.8,Senior Data Analyst,"New York, NY",95000,135000,115000,6,40.7127753,-74.0059728,"['Python', 'SQL', 'R', 'Java', 'Tableau', 'Data Warehouse', 'Excel']"
317,Brown Brothers Harriman,3.2,Data Platforms Senior Systems Business Analyst,"Jersey City, NJ",78000,122000,100000,5,40.718787,-74.034429,"['SQL', 'R', 'Data Warehouse', 'Excel']"
318,Walmart,3.2,Data Governance Business Analyst,"Hoboken, NJ",52000,81000,66500,4,40.7930191,-74.0423847,['R']
319,Elsevier,3.5,Fraud Data Analyst,"New York, NY",41000,68000,54500,12,40.7544726,-73.9759623,"['Python', 'SQL', 'R', 'SAS', 'Excel']"
320,The Bank of New York Mellon,3.1,Principal Data Analyst-Data Architect,"Florham Park, NJ",158000,223000,190500,3,40.7872961,-74.3688459,"['R', 'Hadoop', 'Oracle', 'Excel']"
321,Emblem Health,2.7,Senior Data Analyst,"New York, NY",68000,109000,88500,20,40.8096794,-73.9489894,"['R', 'SAS', 'Excel']"
322,Softpath System LLC,3.8,Data Analyst 4,"New York, NY",63000,104000,83500,18,40.7077599,-74.0073929,"['R', 'Tableau', 'Oracle', 'Excel']"
323,Sphinix Network Solutions Inc.,1,Data Analyst-BA,"New York, NY",40000,67000,53500,5,40.7446828,-73.9848745,"['SQL', 'Oracle']"
324,Harry's,3.4,Senior Data Analyst,"New York, NY",66000,102000,84000,21,40.7046763,-74.0097371,"['Python', 'SQL', 'R', 'Tableau']"
325,Saratoga Medical Center,4.3,Compensation and Data Analyst (Human Resources),"New York, NY",59000,85000,72000,20,40.7474477,-73.9866554,"['R', 'Excel']"
326,AdvantageCare Physicians,2.1,Senior Data Analyst,"New York, NY",88000,126000,107000,11,40.7844236,-73.9485762,"['R', 'SAS', 'Excel']"
327,Charles River Associates,4.6,Data Analyst and Data Scientist,"Summit, NJ",53000,85000,69000,25,40.7542074,-73.9875741,"['Python', 'SQL', 'Machine Learning', 'R', 'Java', 'Tableau', 'SAS', 'Natural Language Processing', 'Excel', 'JavaScript', 'SPSS']"
328,Chubb,3.4,Senior Reporting & Data Analyst,"Whitehouse Station, NJ",103000,155000,129000,13,40.6459615,-74.7648489,"['SQL', 'R', 'SAS']"
329,NYU,4.2,Senior Forensic Data Analyst,"New York, NY",55000,86000,70500,14,40.7295134,-73.9964609,"['R', 'Tableau', 'Excel']"
330,Catholic Home Care,2.5,Data Analyst,"Roslyn, NY",58000,86000,72000,25,40.7263771,-73.4288865,['R']
331,Centers Plan for Healthy Living,2.2,Data & Interface Analyst,"Staten Island, NY",44000,70000,57000,8,40.6224388,-74.0755073,"['SQL', 'R', 'Oracle', 'Excel']"
332,Argus Information & Advisory Services,4,Regulatory Data & Risk Analyst,"White Plains, NY",51000,78000,64500,4,41.0322162,-73.7736251,"['SQL', 'R', 'Tableau', 'SAS', 'Excel']"
333,Spark Foundry,3.1,"Analyst, Data Architecture","New York, NY",73000,107000,90000,17,40.7285513,-74.0074282,"['R', 'Spark', 'Microsoft Office', 'Excel']"
334,IPG Mediabrands,3.6,Orion - Media Data Analyst,"New York, NY",38000,60000,49000,5,40.7493352,-73.9895554,"['Python', 'R', 'Java', 'Tableau', 'Excel', 'JavaScript']"
335,Fragomen Worldwide,3.1,Data Privacy Analyst,"Matawan, NJ",65000,83000,74000,17,40.431395,-74.249039,"['R', 'Excel']"
336,Citi,3.6,"Investment Banking, Summer Analyst: Data Science Analyst, M&A Strategic Shareholder Advisory","New York, NY",98000,122000,110000,3,40.778222,-73.981391,[]
337,AdvantageCare Physicians,2.1,Data Governance Analyst Technical Steward,"New York, NY",85000,128000,106500,30,40.7844236,-73.9485762,"['SQL', 'R', 'Tableau', 'Data Warehouse', 'Excel', 'Project Management']"
338,Boehringer Ingelheim,3.8,Central Data Science Solutions (CDSS) Business Analyst or Principal Business Analyst,"Ridgefield, NJ",67000,109000,88000,12,41.3735561,-73.5130888,"['R', 'SAS', 'Oracle', 'Excel', 'Data Science']"
339,Diversified,3.4,Data & Reporting Business Analyst - Kenilworth,"Hoboken, NJ",56000,92000,74000,4,40.0583238,-74.4056612,"['SQL', 'R', 'Tableau', 'Excel']"
340,Hunterdon Healthcare,3.3,Data Analyst/Report Writer,"Flemington, NJ",50000,77000,63500,3,40.5314173,-74.8608056,"['Python', 'SQL', 'R', 'Excel']"
341,Converseon Inc.,3.8,Senior Data Analyst,"New York, NY",48000,79000,63500,30,40.7532504,-73.9894204,['AI']
342,Atlas,3.4,Business Analyst/Data Analyst,"Parsippany, NJ",51000,87000,69000,8,40.8515739,-74.4539366,['R']
343,eTeam Inc.,4,Data Analyst / IT Data and Business Intelligence,"Jersey City, NJ",62000,105000,83500,20,40.5499583,-74.4099261,"['SQL', 'R', 'Data Analysis', 'Excel']"
344,APN Consulting,4.2,Data Analyst - II,"New York, NY",54000,83000,68500,3,40.7520016,-73.9866621,"['R', 'Excel']"
345,NPD,3.8,Data Analyst,"Port Washington, NY",38000,61000,49500,19,40.8093786,-73.6572904,"['SQL', 'R', 'Java', 'SAS', 'NoSQL', 'Azure', 'SPSS']"
346,Capgemini,3.7,Senior Data Analyst,"New York, NY",84000,133000,108500,8,40.7370304,-73.9925066,"['R', 'Data Science']"
347,AdvantageCare Physicians,2.1,Data Governance Analyst,"New York, NY",53000,84000,68500,30,40.7844236,-73.9485762,"['SQL', 'R', 'Data Warehouse', 'Excel', 'Project Management', 'Business Intelligence']"
348,Live Nation Entertainment,3.8,"Sr. Data Analyst, Data Analytics & Audience Science","New York, NY",84000,134000,109000,10,40.7420869,-74.0063723,"['Python', 'SQL', 'R']"
349,Lockheed Martin,3.8,Configuration/Data Analyst,"Uniondale, NY",65000,103000,84000,6,40.722298,-73.6045937,"['R', 'Excel']"
350,AT&T,3.4,"Senior Business Analyst, Data Management & Business Intelligence Systems","New York, NY",61000,91000,76000,20,40.764972,-73.9637937,"['R', 'Oracle', 'AI', 'Business Intelligence']"
351,Clinique,3.6,Senior Data Analyst,"New York, NY",58000,91000,74500,30,40.7505586,-73.9887024,"['Python', 'SQL', 'R', 'Tableau', 'Excel', 'Business Intelligence']"
352,Risk Solutions,3.7,Fraud Data Analyst,"New York, NY",40000,62000,51000,11,40.7503897,-73.9770422,"['Python', 'SQL', 'R', 'SAS', 'Excel']"
353,Callisto Media,4.7,Lead Data Analyst,"New York, NY",50000,84000,67000,19,40.7418793,-73.9985166,"['R', 'Big Data']"
354,UBS,3.5,Senior Business Data Analyst,"Weehawken, NJ",70000,106000,88000,14,40.7598542,-74.023259,"['Python', 'SQL', 'R', 'Spark', 'Tableau', 'Big Data', 'Excel', 'Business Intelligence']"
355,Visiting Nurse Service of New York,3.7,"Data Analyst, CHOICE","New York, NY",48000,72000,60000,2,40.7697396,-73.9640538,"['Python', 'SQL', 'R', 'Tableau', 'SAS', 'Excel']"
356,Diverse Lynx,3.6,Technical Data Analyst - Diverse Lynx,"Jersey City, NJ",57000,97000,77000,30,40.319473,-74.631463,"['SQL', 'R', 'AWS', 'Data Analysis', 'MongoDB']"
357,Freeman,3.5,Senior Data Business Analyst,"New York, NY",77000,117000,97000,27,40.721956,-73.99246,['R']
358,Walt Disney Co.,3.7,"Senior Data Analyst, Data Instrumentation","New York, NY",85000,135000,110000,3,40.7379574,-73.9927205,"['Python', 'SQL', 'R', 'Spark']"
359,Sumitomo Mitsui Banking Corporation,3.1,Senior Data Analyst - Compliance,"Jersey City, NJ",55000,85000,70000,1,40.7159419,-74.0339139,"['Python', 'SQL', 'R', 'Tableau', 'Oracle', 'Microsoft SQL Server', 'Azure', 'Microsoft Office', 'Excel']"
360,AC Lion (2),4.2,Senior Data Analyst,"New York, NY",60000,99000,79500,2,40.7526491,-73.9922257,"['Python', 'SQL', 'R', 'Excel']"
361,Simon Data,4.5,Sr Data Analyst,"New York, NY",72000,115000,93500,10,40.7069203,-74.0045058,"['SQL', 'R', 'Excel']"
362,Pioneer Data Systems,4.2,Data Analyst (Tableau / Qlik),"Bridgewater, NJ",50000,82000,66000,3,40.5620533,-74.3346442,"['R', 'Tableau']"
363,Village Care,2.2,HEDIS Data Analyst,"New York, NY",46000,71000,58500,4,40.7287165,-74.0043973,"['SQL', 'AWS', 'Excel']"
364,The EstÃ©e Lauder Companies Inc.,3.7,Senior Data Analyst,"Queens Village, NY",57000,89000,73000,22,40.7343958,-73.8713067,"['Python', 'SQL', 'R', 'Tableau', 'Excel', 'Business Intelligence']"
365,Oneida Total Integrated Enterprises,2.8,Data Analyst,"West Point, NY",38000,63000,50500,11,43.144787,-89.294864,['R']
366,St. Barnabas Hospital,3,Clinical Data Analyst,"Bronx, NY",45000,67000,56000,12,40.8539141,-73.8903914,"['SQL', 'R']"
367,"Integrated Resources, Inc",3.5,"Vendor/Procurement Data Analyst - Integrated Resources, Inc","New York, NY",70000,116000,93000,30,40.5412474,-74.3962272,['R']
368,Northwell Health,3.8,Practice Spclst Data Analyst,"Manhasset, NY",55000,83000,69000,4,40.7937397,-73.6889541,"['R', 'Excel']"
369,Diverse Lynx,3.6,Data Analyst (Short Hills - NJ),"Jersey City, NJ",51000,86000,68500,28,40.319473,-74.631463,"['SQL', 'R', 'Java', 'SAS', 'Excel', 'JavaScript', 'SPSS']"
370,One Call,2.8,Senior Healthcare Data Analyst,"New York, NY",59000,86000,72500,11,40.7127753,-74.0059728,"['SQL', 'R', 'Tableau', 'Microsoft Office', 'Excel']"
371,Deloitte,3.8,Deloitte Consulting - Specialist Analyst Data Scientist - North Carolina State University (NCSU),"New York, NY",115000,171000,143000,30,40.7589632,-73.9793374,"['Python', 'SQL', 'R']"
372,Aegon USA Investment Management,3.3,Defined Benefit Functional Data Analyst,"New York, NY",42000,67000,54500,7,40.7520596,-73.9801683,"['SQL', 'R']"
373,New York City Taxi and Limousine Commission,3.6,Data Analyst -Policy Analytics,"New York, NY",33000,56000,44500,17,40.705332,-74.01199,"['Python', 'SQL', 'R', 'Excel']"
374,Brown Brothers Harriman,3.2,Data Science Systems Programmer Analyst,"New York, NY",76000,108000,92000,3,40.7086001,-74.0100116,"['Python', 'SQL', 'R', 'Java', 'Tableau', 'SAS', 'Excel', 'Data Science']"
375,RAMPS International Inc,4.5,Senior Healthcare Data Analyst,"New York, NY",65000,99000,82000,6,40.535014,-74.3464442,"['SQL', 'R']"
376,Healthfirst (New York),2.8,Senior Product Data Analyst,"New York, NY",95000,135000,115000,1,40.7127753,-74.0059728,"['SQL', 'R', 'SAS', 'Excel']"
377,Diverse Lynx,3.6,Tech Business Analyst/Data Analyst,"New York, NY",56000,91000,73500,30,40.319473,-74.631463,"['Python', 'SQL', 'R', 'Java', 'Excel', 'Perl', 'Software Development']"
378,Comrise,4.6,IT Support analyst - Data analytics and devops,"Roseland, NJ",38000,60000,49000,11,40.5517951,-74.2998128,"['SQL', 'Tableau', 'SAS', 'Excel']"
379,The Bank of New York Mellon,3.1,"Tapia Data Science, Data Analytics, Technical Business Analyst (Lead Data Analyst)","New York, NY",40000,64000,52000,3,40.714291,-74.0117809,"['Python', 'SQL', 'Machine Learning', 'R', 'Tableau', 'AI', 'Data Analysis', 'Excel']"
380,Pratt Institute,3.7,Senior Financial Data & Business System Analyst,"Brooklyn, NY",67000,108000,87500,6,40.6912807,-73.962537,"['R', 'Excel']"
381,TechProjects,4.8,ETL Datastage Developer/IBM Infosphere Datastage Consultant(ETL Data Analyst)-Only NY/NJ candidates Please,"New York, NY",57000,90000,73500,17,40.8144086,-73.9597006,"['SQL', 'R', 'Oracle', 'Scripting', 'Excel', 'Shell Scripting']"
382,InfoObjects Inc,3.8,"Data Analyst with Tableau (Direct Onsite, Only Locals)","New Hyde Park, NY",37000,61000,49000,11,41.7667602,-73.9015246,"['R', 'Tableau', 'Excel']"
383,XDuce,4.2,Data Analyst - Insurance - XDuce,"New York, NY",46000,79000,62500,30,40.5652256,-74.3320131,[]
384,Veterans Sourcing Group,2.8,IT - Data Analyst,"Jersey City, NJ",38000,62000,50000,6,40.0583238,-74.4056612,['R']
385,GSK,3.9,Master Data Analyst,"Warren, NJ",54000,89000,71500,11,40.6478283,-74.5718276,['R']
386,Citibank,3.8,"Investment Banking, Summer Analyst: Data Science Analyst, M&A Strategic Shareholder Advisory","New York, NY",77000,99000,88000,3,40.778222,-73.981391,[]
387,Pioneer Data Systems,4.2,SAS Programmer Analyst / Healthcare Claims Data,"New Brunswick, NJ",90000,129000,109500,1,40.5620533,-74.3346442,"['SQL', 'R', 'SAS']"
388,UBS,3.5,US Data Quality and Governance Business Analyst,"Weehawken, NJ",70000,113000,91500,19,40.7598542,-74.023259,['R']
389,UBS,3.5,US Data Quality & Profiling Business Analyst,"Weehawken, NJ",70000,113000,91500,19,40.7598542,-74.023259,['R']
390,Media Storm,3.1,"Analyst, Advanced Data Modeler","New York, NY",70000,94000,82000,10,40.6775491,-73.9573049,"['Python', 'R']"
391,Horizon Blue Cross Blue Shield of New Jersey,3.4,Data Reporting Analyst III,"Newark, NJ",51000,85000,68000,19,40.7339181,-74.1612284,"['SQL', 'R', 'SAS', 'Excel']"
392,New York Life,3.5,Senior Metrics and Reporting Analyst - Data Governance and Management,"Lebanon, NJ",74000,121000,97500,14,40.6508997,-74.832077,"['Python', 'SQL', 'R', 'Tableau', 'Excel']"
393,LexisNexis Risk Solutions,3.5,Fraud Data Analyst,"New York, NY",43000,71000,57000,12,40.7544703,-73.9759853,"['Python', 'SQL', 'R', 'SAS', 'Excel']"
394,"Lenmar Consulting, Inc.",2.6,"Data Analyst - Lenmar Consulting, Inc.","Jersey City, NJ",38000,65000,51500,30,40.7174704,-74.0335612,"['Python', 'SQL', 'R', 'Tableau', 'SAS', 'Scala']"
395,Deloitte,3.8,Deloitte Consulting â€“ Specialist Analyst Data Scientist - North Carolina State University (NCSU),"New York, NY",115000,171000,143000,10,40.7589632,-73.9793374,"['Python', 'SQL', 'R']"
396,Transamerica,3.1,Defined Benefit Functional Data Analyst,"Harrison, NY",41000,65000,53000,8,40.971341,-73.7415177,"['SQL', 'R']"
397,ADP,3.7,"Data Steward - (Siebel, SQL, Data Analyst)","Florham Park, NJ",49000,79000,64000,11,40.7952676,-74.3783328,"['SQL', 'R', 'Excel']"
398,Mount Sinai Health System,3.4,Data Warehouse Analyst; Adolescent Health,"New York, NY",68000,100000,84000,11,40.7702407,-73.9906883,"['Python', 'SQL', 'R', 'Tableau', 'Oracle', 'Data Warehouse', 'Microsoft SQL Server', 'Scripting']"
399,Mount Sinai Medical Center,3.1,"Data Analyst I -Diagnostic, Molecular and Interventional Radiology","New York, NY",41000,60000,50500,3,40.789241,-73.9545211,['R']
400,Crestron Electronics Inc,2.8,Technical Data Analyst,"Rockleigh, NJ",56000,84000,70000,1,41.010516,-73.936852,"['SQL', 'R', 'Excel']"
401,Mount Sinai Health System,3.4,"Senior Data Analyst, Environmental Medicine and Public Health","New York, NY",50000,72000,61000,16,40.7702407,-73.9906883,"['SQL', 'R', 'SAS', 'Oracle', 'Data Warehouse', 'Excel', 'PostgreSQL', 'MySQL', 'SPSS']"
402,Diverse Lynx,3.6,Data Analyst with SQL/PLSQL/BI/Datawarehousing,"New York, NY",51000,86000,68500,30,40.319473,-74.631463,"['SQL', 'R', 'Excel']"
403,Stony Brook Clinical Practice Mgmt Plan,3.5,Data Analyst- Stony Brook CPMP General Accounting,"Stony Brook, NY",48000,73000,60500,30,40.9101937,-73.1161508,"['SQL', 'R', 'Excel', 'Business Intelligence']"
404,Mount Sinai Health System,3.4,SENIOR DATA ANALYST,"New York, NY",55000,82000,68500,19,40.7702407,-73.9906883,"['Python', 'SQL', 'R', 'Tableau', 'SAS', 'Oracle', 'AI', 'Excel', 'PostgreSQL', 'MySQL']"
405,Georgia IT Inc.,5,"Data Analyst- Pennsylvania,PA - Georgia IT Inc.","New York, NY",48000,81000,64500,30,40.7539128,-73.9864173,"['Python', 'SQL', 'R', 'Java', 'Tableau', 'Excel']"
406,Mount Sinai Health System,3.4,"Data Analyst I -Diagnostic, Molecular and Interventional Radiology","New York, NY",41000,60000,50500,19,40.7702407,-73.9906883,['R']
407,Wunderman,3.2,"Senior Analyst, Analytics and Data Science","New York, NY",57000,92000,74500,3,40.7668837,-73.9822441,"['Python', 'SQL', 'R', 'Tableau', 'AWS', 'AI', 'Data Science']"
408,22nd Century Technologies,3.7,SAP System & SDP Data Analyst,"White Plains, NY",56000,80000,68000,11,41.0339862,-73.7629097,"['R', 'Microsoft Office']"
409,Visiting Nurse Service of New York,3.7,Healthcare Encounter Data Analyst,"New York, NY",45000,69000,57000,2,40.7697396,-73.9640538,"['SQL', 'R', 'SAS', 'Excel']"
410,Sumitomo Mitsui Banking Corporation (SMBC),3.1,"Senior Data Analyst - Compliance in Jersey City, New Jersey | Careers at Harborside","Jersey City, NJ",55000,85000,70000,30,40.7159419,-74.0339139,"['Python', 'SQL', 'R', 'Tableau', 'Oracle', 'Microsoft SQL Server', 'Azure', 'Microsoft Office', 'Excel']"
411,Hackensack University Medical Center,3.4,Clinical Data Analyst,"Edison, NJ",57000,87000,72000,30,40.8838399,-74.0567982,['R']
412,Criteo,3.8,"Senior Data Analyst â€“ Global Supply Analytics, AMERICAS","New York, NY",79000,119000,99000,5,40.7429012,-73.9841382,"['Python', 'R', 'Hadoop', 'Tableau']"
413,Verisk,3.4,Regulatory Data & Risk Analyst,"White Plains, NY",62000,93000,77500,4,41.0322162,-73.7736251,"['SQL', 'R', 'Tableau', 'SAS', 'Excel']"
414,"Universal Technical Resource Services, Inc.",4.1,Information Data Analyst,"Dover, NJ",39000,67000,53000,11,39.9235978,-75.0016473,"['R', 'Microsoft Office', 'Excel']"
415,Crossfire Consulting,5,Business Data Analyst ONLY,"Morristown, NJ",54000,84000,69000,9,41.2751834,-73.7806905,"['SQL', 'R', 'Tableau', 'Business Intelligence']"
416,Moxie,3.1,"Sr. Analyst, Client Data and DMP Strategy","New York, NY",60000,80000,70000,20,40.7522851,-73.9891552,"['R', 'Spark']"
417,CenterLight Health System,2.5,Data Warehouse Business Analyst (T-SQL),"Bronx, NY",75000,116000,95500,4,40.847153,-73.845099,"['SQL', 'R', 'AWS', 'Oracle', 'Data Warehouse', 'Azure', 'Excel']"
418,Crescens Inc.,3.2,Data Warehouse Analyst - Crescens Inc.,"Jersey City, NJ",45000,68000,56500,30,40.577027,-74.587278,"['SQL', 'R', 'Tableau', 'Data Warehouse']"
419,Barnabas Health,3.4,SQL Data Reporting Analyst - Revenue Cycle Patient Accounts (FT),"Oceanport, NJ",49000,82000,65500,5,40.3022444,-74.0225543,"['SQL', 'R', 'Tableau', 'Excel']"
420,Sanofi,3.6,Regulatory Reporting and Data Analyst,"Bridgewater, NJ",40000,66000,53000,4,40.6349397,-74.639205,"['R', 'Excel']"
421,AbleTo,3.7,Senior Data Analyst,"New York, NY",55000,84000,69500,27,40.7544014,-73.9934047,"['Python', 'SQL', 'R', 'Tableau', 'AWS']"
422,Crossix Solutions,3.6,Lead Marketing Data Analyst,"New York, NY",56000,83000,69500,13,40.75258,-73.987898,"['SQL', 'R', 'SAS', 'Excel']"
423,Axtria,3.6,Business Analyst â€“ Oncology/SPP data (Life Sciences),"Berkeley Heights, NJ",68000,106000,87000,26,40.6609346,-74.4196087,"['SQL', 'R', 'Tableau', 'Excel']"
424,Newsday LLC,2.9,"Editorial Data Analyst, newsday.com","Melville, NY",50000,75000,62500,11,40.7638247,-73.4063398,"['R', 'Excel']"
425,FreemanXP,3.4,Senior Data Business Analyst,"New York, NY",116000,180000,148000,27,40.7566858,-73.9800174,['R']
426,ProHEALTH Care,3.4,Clinical Data Analyst,"Lake Success, NY",51000,78000,64500,8,40.7596213,-73.6902072,"['R', 'Excel']"
427,Diverse Lynx,3.6,Data Analyst - Diverse Lynx,"Jersey City, NJ",51000,86000,68500,30,40.319473,-74.631463,"['R', 'Excel']"
428,Diverse Lynx,3.6,MDM Data Analyst,"Jersey City, NJ",51000,86000,68500,30,40.319473,-74.631463,['R']
429,Bloomberg,3.8,Data Analyst - BLAW Web Document Acquisition,"Princeton, NJ",54000,78000,66000,21,40.4055853,-74.6669379,"['Python', 'R', 'Java', 'JavaScript']"
430,IntelliPro Group Inc.,3.4,Sr. Data Analyst,"New York, NY",95000,142000,118500,18,37.3771934,-121.9631181,"['SQL', 'Machine Learning', 'R', 'Excel']"
431,EmblemHealth,2.7,"Senior Data Analyst, Pharmacy","New York, NY",68000,109000,88500,18,40.8096794,-73.9489894,"['SQL', 'R', 'SAS', 'Oracle', 'Excel', 'Business Intelligence']"
432,RMS Computer,3.8,Sr. Business Analyst/Data Analyst/Securities/Reference Data,"Jersey City, NJ",60000,100000,80000,8,40.7578343,-73.9824195,"['SQL', 'R', 'Kafka', 'Excel', 'Data Science']"
433,BNY Mellon,3.1,Sr. Specialist Info Sec Analyst - Data Scientist,"New York, NY",108000,156000,132000,11,40.714291,-74.0117809,"['SQL', 'R', 'Java', 'Oracle', '.Net']"
434,Oracle,3.5,Oracle Data Cloud - Security Operations Analyst,"New York, NY",58000,87000,72500,9,40.75174,-73.9783677,"['R', 'Oracle']"
435,Cygnus Professionals,3.9,Data Warehouse Analyst - Cygnus Professionals,"Jersey City, NJ",51000,77000,64000,30,40.5369486,-74.5252847,"['SQL', 'R', 'Tableau', 'Data Warehouse']"
436,TechProjects,4.8,Sr. Datastage and Data Analyst,"New York, NY",75000,113000,94000,22,40.8144086,-73.9597006,"['SQL', 'R', 'Oracle', 'Scripting', 'Excel', 'Shell Scripting']"
437,Deloitte,3.8,"Insight Studio Specialist Data Scientist - Analyst - Technology, Consulting - BTA - UG - University of Michigan (Summer/Fall)","New York, NY",132000,185000,158500,4,40.7589632,-73.9793374,"['Python', 'SQL', 'R']"
438,J. Crew,3.7,Madewell Customer Data Science Sr. Analyst,"Long Island City, NY",64000,97000,80500,27,40.742852,-73.9362864,"['Python', 'SQL', 'R', 'Tableau', 'Big Data', 'Excel', 'Data Science']"
439,Warner Music Group,3.1,"Senior Financial Analyst, Technology/Data Operations - Entertainment and Media Industry Opportunity","New York, NY",56000,84000,70000,30,40.7621563,-73.9847873,"['R', 'Excel']"
440,J.P. Morgan,3.9,CIB Digital & Platform Services Resolution & Recovery - Sr. Data/Business Analyst,"Brooklyn, NY",62000,109000,85500,18,40.693154,-73.9867678,"['R', 'Tableau', 'Excel', 'Project Management']"
441,The Bank of New York Mellon,3.1,"Lead Analyst, Data Mgmt Ops","Pennington, NJ",50000,77000,63500,20,40.299186,-74.8089043,"['SQL', 'R']"
442,Diversified,3.4,Data & Reporting Business Analyst,"Kenilworth, NJ",56000,92000,74000,4,40.67603,-74.283017,"['SQL', 'R', 'Tableau', 'Excel']"
443,Softpath System LLC,3.8,NJATCSU Data Warehouse Analyst - Softpath System LLC,"Jersey City, NJ",54000,80000,67000,30,40.7077599,-74.0073929,"['SQL', 'R', 'Tableau']"
444,Lorven Technologies Inc,4,Data Analyst / IT Data & Business Intelligence,"Harrison, NY",50000,81000,65500,20,40.330886,-74.585524,"['SQL', 'Data Analysis', 'Excel']"
445,XDuce,4.2,Insurance Systems Analyst - Business & Data,"New York, NY",47000,81000,64000,12,40.5652256,-74.3320131,"['SQL', 'R', 'Microsoft Office', 'Excel']"
446,Knowledgent,3.2,Data Governance Analysts,"Warren, NJ",62000,96000,79000,4,40.6456967,-74.5742654,"['R', 'Excel']"
447,Cross River Bank,3.8,Senior Data Analyst,"Fort Lee, NJ",60000,92000,76000,7,40.8857755,-74.005824,"['SQL', 'R', 'Tableau', 'Oracle', 'Data Science']"
448,Wyndham Worldwide,3,Hotel Program Operations and Data Analyst,"Parsippany, NJ",33000,55000,44000,30,40.8457971,-74.4385115,"['R', 'Excel', 'Business Intelligence']"
449,Flight Centre Travel Group,2.3,Data and Business Analyst - Montvale NJ,"Montvale, NJ",46000,75000,60500,20,41.0532378,-74.0555201,"['R', 'Tableau', 'AI', 'Excel']"
450,Seamen's Society for Children and Families,2.4,Data Analyst - Foster Care,"Staten Island, NY",30000,50000,40000,13,40.6408855,-74.0760675,"['R', 'Excel']"
451,AdvantageCare Physicians,2.1,"Senior Data Analyst, Pharmacy","New York, NY",88000,126000,107000,30,40.7844236,-73.9485762,"['SQL', 'R', 'SAS', 'Oracle', 'Excel', 'Business Intelligence']"
452,Encore Event Technologies,3.5,Senior Data Business Analyst,"New York, NY",66000,105000,85500,27,42.1374881,-88.0007675,['R']
453,Cygnus Professionals,3.9,Sr. Data Analyst,"New York, NY",60000,93000,76500,30,40.5369486,-74.5252847,"['SQL', 'R', 'Data Analysis', 'Excel']"
454,Verizon,3.6,Lead Data Analyst,"Piscataway, NJ",74000,114000,94000,1,40.5449301,-74.4953301,"['SQL', 'R', 'Oracle', 'Microsoft SQL Server', 'Excel']"
455,Flight Centre Travel Group,2.3,Data and Business Analyst,"Montvale, NJ",46000,75000,60500,20,41.0532378,-74.0555201,"['R', 'Tableau', 'AI', 'Excel']"
456,Alpha Consulting Corp.,4.1,"Senior Business Analyst for Business Process, Data Analysis, and Data Modeling for Pharmaceutical R&D - Alpha Consulting Corp.","Jersey City, NJ",93000,147000,120000,30,40.4057943,-74.4218501,"['R', 'AI']"
457,PeopleNTech LLC,4.2,Data Analyst/Architect,"New York, NY",43000,72000,57500,30,40.7544955,-73.9307972,['R']
458,Mount Sinai Medical Center,3.1,"Senior Data Analyst, Environmental Medicine and Public Health","New York, NY",54000,78000,66000,30,40.789241,-73.9545211,"['SQL', 'R', 'SAS', 'Oracle', 'Data Warehouse', 'Excel', 'PostgreSQL', 'MySQL', 'SPSS']"
459,Purolator International,2.5,"Data Analyst, Decision Support","Jericho, NY",51000,79000,65000,3,40.7851095,-73.549507,"['Python', 'SQL', 'R', 'Tableau', 'Excel']"
460,Mount Sinai Medical Center,3.1,Data Warehouse Analyst; Adolescent Health,"New York, NY",61000,90000,75500,30,40.789241,-73.9545211,"['Python', 'SQL', 'R', 'Tableau', 'Oracle', 'Data Warehouse', 'Microsoft SQL Server', 'Scripting']"
461,Sika AG,3.2,SAP Analyst (Master Data Maintainer),"Lyndhurst, NJ",55000,80000,67500,5,40.8056891,-74.1083587,['R']
462,Center for Court Innovation,3.2,"Senior Data Analyst, Supervised Release Program","New York, NY",64000,105000,84500,14,40.753645,-73.9919341,"['Python', 'SQL', 'R', 'Tableau', 'SAS', 'Oracle', 'Excel', 'SPSS']"
463,Mount Sinai Medical Center,3.1,Data Science Analyst I Computational Biology - Genetics,"New York, NY",49000,78000,63500,30,40.789241,-73.9545211,"['Python', 'R', 'SAS', 'Scala']"
464,CIT,3.2,Audit Data Analyst,"Livingston, NJ",45000,71000,58000,14,40.7713269,-74.3650124,"['Python', 'SQL', 'R', 'Tableau', 'Excel', 'Perl', 'Data Science']"
465,BNY Mellon,3.1,"Specialist, Big Data Senior Analyst (Treasury and ALM)","New York, NY",60000,94000,77000,14,40.714291,-74.0117809,"['SQL', 'R', 'Hadoop', 'Hive', 'Business Intelligence']"
466,Axtria,3.6,Business Analyst Oncology/SPP data (Life Sciences),"Berkeley Heights, NJ",68000,106000,87000,30,40.6609346,-74.4196087,"['SQL', 'R', 'Tableau', 'SAS', 'Excel']"
467,Cedent Consulting,3.8,Senior Data Analyst / Scientist,"New York, NY",56000,92000,74000,15,42.8710697,-77.8856212,"['Machine Learning', 'R', 'Data Science']"
468,Quest Diagnostics,3.3,Senior Data Management Analyst,"Secaucus, NJ",60000,90000,75000,22,40.7878337,-74.0449297,"['SQL', 'R', 'SAS', 'Microsoft Office', 'Excel']"
469,Disney Streaming Services,3.4,"Senior Data Analyst, Data Instrumentation","New York, NY",49000,80000,64500,20,42.8710697,-77.8856212,"['Python', 'SQL', 'R', 'Spark']"
470,"Remedy BPCI Partners, LLC.",3.3,"Senior Analyst, Claims Data Engineering","New York, NY",104000,139000,121500,28,41.0930242,-73.4539645,"['Python', 'SQL', 'R', 'Spark', 'SAS', 'AWS', 'S3']"
471,"Ideal Innovations, Inc.",3.9,Data Analyst (Radar Systems) with Security Clearance,"Picatinny Arsenal, NJ",59000,99000,79000,30,38.8805325,-77.1135489,"['R', 'MATLAB', 'Microsoft Office', 'Excel']"
472,Avani Technology Solutions,4.5,"JPSC-7176 - Position 35, 59, 62, 100,101,102, 141,142,166 : Senior Data Analyst","Brooklyn, NY",76000,115000,95500,22,43.1787369,-77.6813798,"['SQL', 'R']"
473,Quantum Integrators Group,3.6,Position # 18 Clinical Data Analyst,"Princeton, NJ",46000,70000,58000,6,40.2990241,-74.6048125,['R']
474,Syneos Health Commercial Solutions,3.5,Business Intelligence Analyst (Data Analyst),"Somerset, NJ",61000,84000,72500,15,40.5323287,-74.5215823,"['SQL', 'R', 'Oracle', 'Excel', 'Business Intelligence']"
475,Cognizant Technology Solutions,3.7,Business Analyst Leader - Specialty Pharmacy Data,"East Hanover, NJ",84000,118000,101000,10,40.6814171,-74.230636,"['R', 'AI']"
476,Argus Information & Advisory Services,4,Business Analyst - Enterprise Data Management Team (EDM) - CR,"White Plains, NY",42000,67000,54500,5,41.0322162,-73.7736251,"['SQL', 'R', 'Oracle', 'Excel', 'Project Management']"
477,Verizon,3.6,Senior Data Analyst ETL Developer,"Bedminster, NJ",64000,97000,80500,8,40.6512923,-74.6407407,"['Python', 'SQL', 'R', 'Hadoop', 'NoSQL', 'Oracle', 'SPSS', 'Data Science', 'MongoDB']"
478,AC Lion (2),4.2,Data Analyst Team Lead,"New York, NY",73000,118000,95500,7,40.7526491,-73.9922257,"['Python', 'SQL', 'R', 'Excel', 'MySQL']"
479,Agneto Corp,0,Data Analyst - Data Engineer / Analyst,"Princeton Junction, Mercer, NJ",51000,72000,61500,15,40.2995162,-74.6052721,"['SQL', 'Excel']"
480,International Flavors & Fragrances,3.7,"Lead Data Analyst, Advanced Analytics","Union Beach, NJ",72000,115000,93500,25,40.4375012,-74.1584526,"['Python', 'Machine Learning', 'R', 'Hadoop', 'Spark', 'Tableau', 'SAS', 'Big Data', 'AWS', 'SPSS', 'Business Intelligence']"
481,IT America Inc,4.2,Sr Data Analyst,"Purchase, NY",60000,92000,76000,22,41.0065588,-73.6950706,"['SQL', 'R', 'Data Analysis', 'Excel']"
482,Blue Book Network Contractors Register,2.9,Programmer Analyst/Data Strategist,"Jefferson Valley, NY",45000,62000,53500,7,41.334953,-73.815704,"['R', 'Java', 'Excel', 'JavaScript', 'Perl']"
483,"ZS Associates, Inc.",3.9,Senior Business Technology Analyst / Big Data,"Princeton, NJ",91000,113000,102000,25,40.3185978,-74.6471644,"['Python', 'SQL', 'R', 'Hadoop', 'Spark', 'Java', 'Hive', 'Scala', 'Kafka', 'Pig', 'HBase', 'Business Intelligence']"
484,Verisk,3.4,Business Analyst - Enterprise Data Management Team (EDM) - CR,"White Plains, NY",48000,75000,61500,5,41.0322162,-73.7736251,"['SQL', 'R', 'Oracle', 'Excel', 'Project Management']"
485,Syneos Health,3.3,Principal Programmer Analyst (Hadoop/Big Data),"Somerset, NJ",91000,152000,121500,6,40.5323287,-74.5215823,"['SQL', 'R', 'Hadoop', 'Spark', 'Hive', 'Big Data', 'NoSQL', 'Oracle', 'Linux', 'HBase', 'Business Intelligence']"