Id,Source,Target,Type,Weight,nodes,links
0,Python,Python,Directed,420,"opts.GraphNode(name=""Python"",symbol_size=420),","opts.GraphLink(source=""Python"", target=""Python""),"
1,Python,SQL,Directed,362,"opts.GraphNode(name=""SQL"",symbol_size=362),","opts.GraphLink(source=""Python"", target=""SQL""),"
2,Python,Machine Learning,Directed,14,"opts.GraphNode(name=""Machine Learning"",symbol_size=14),","opts.GraphLink(source=""Python"", target=""Machine Learning""),"
3,Python,R,Directed,380,"opts.GraphNode(name=""R"",symbol_size=380),","opts.GraphLink(source=""Python"", target=""R""),"
4,Python,Hadoop,Directed,22,"opts.GraphNode(name=""Hadoop"",symbol_size=22),","opts.GraphLink(source=""Python"", target=""Hadoop""),"
5,Python,Spark,Directed,22,"opts.GraphNode(name=""Spark"",symbol_size=22),","opts.GraphLink(source=""Python"", target=""Spark""),"
6,Python,Java,Directed,74,"opts.GraphNode(name=""Java"",symbol_size=74),","opts.GraphLink(source=""Python"", target=""Java""),"
7,Python,Tableau,Directed,210,"opts.GraphNode(name=""Tableau"",symbol_size=210),","opts.GraphLink(source=""Python"", target=""Tableau""),"
8,Python,Hive,Directed,12,"opts.GraphNode(name=""Hive"",symbol_size=12),","opts.GraphLink(source=""Python"", target=""Hive""),"
9,Python,SAS,Directed,80,"opts.GraphNode(name=""SAS"",symbol_size=80),","opts.GraphLink(source=""Python"", target=""SAS""),"
10,Python,Big Data,Directed,12,"opts.GraphNode(name=""Big Data"",symbol_size=12),","opts.GraphLink(source=""Python"", target=""Big Data""),"
11,Python,AWS,Directed,38,"opts.GraphNode(name=""AWS"",symbol_size=38),","opts.GraphLink(source=""Python"", target=""AWS""),"
12,Python,Scala,Directed,16,"opts.GraphNode(name=""Scala"",symbol_size=16),","opts.GraphLink(source=""Python"", target=""Scala""),"
13,Python,NoSQL,Directed,8,"opts.GraphNode(name=""NoSQL"",symbol_size=8),","opts.GraphLink(source=""Python"", target=""NoSQL""),"
14,Python,C/C++,Directed,4,"opts.GraphNode(name=""C/C++"",symbol_size=4),","opts.GraphLink(source=""Python"", target=""C/C++""),"
15,Python,Oracle,Directed,32,"opts.GraphNode(name=""Oracle"",symbol_size=32),","opts.GraphLink(source=""Python"", target=""Oracle""),"
16,Python,Data Warehouse,Directed,10,"opts.GraphNode(name=""Data Warehouse"",symbol_size=10),","opts.GraphLink(source=""Python"", target=""Data Warehouse""),"
17,Python,Linux,Directed,16,"opts.GraphNode(name=""Linux"",symbol_size=16),","opts.GraphLink(source=""Python"", target=""Linux""),"
18,Python,AI,Directed,32,"opts.GraphNode(name=""AI"",symbol_size=32),","opts.GraphLink(source=""Python"", target=""AI""),"
19,Python,Microsoft SQL Server,Directed,12,"opts.GraphNode(name=""Microsoft SQL Server"",symbol_size=12),","opts.GraphLink(source=""Python"", target=""Microsoft SQL Server""),"
20,Python,TensorFlow,Directed,4,"opts.GraphNode(name=""TensorFlow"",symbol_size=4),","opts.GraphLink(source=""Python"", target=""TensorFlow""),"
21,Python,Kafka,Directed,2,"opts.GraphNode(name=""Kafka"",symbol_size=2),","opts.GraphLink(source=""Python"", target=""Kafka""),"
23,Python,Azure,Directed,10,"opts.GraphNode(name=""Azure"",symbol_size=10),","opts.GraphLink(source=""Python"", target=""Azure""),"
24,Python,MATLAB,Directed,8,"opts.GraphNode(name=""MATLAB"",symbol_size=8),","opts.GraphLink(source=""Python"", target=""MATLAB""),"
25,Python,Microsoft Office,Directed,38,"opts.GraphNode(name=""Microsoft Office"",symbol_size=38),","opts.GraphLink(source=""Python"", target=""Microsoft Office""),"
26,Python,Scripting,Directed,6,"opts.GraphNode(name=""Scripting"",symbol_size=6),","opts.GraphLink(source=""Python"", target=""Scripting""),"
27,Python,Git,Directed,10,"opts.GraphNode(name=""Git"",symbol_size=10),","opts.GraphLink(source=""Python"", target=""Git""),"
28,Python,Excel,Directed,264,"opts.GraphNode(name=""Excel"",symbol_size=264),","opts.GraphLink(source=""Python"", target=""Excel""),"
29,Python,JavaScript,Directed,26,"opts.GraphNode(name=""JavaScript"",symbol_size=26),","opts.GraphLink(source=""Python"", target=""JavaScript""),"
30,Python,HBase,Directed,2,"opts.GraphNode(name=""HBase"",symbol_size=2),","opts.GraphLink(source=""Python"", target=""HBase""),"
31,Python,PostgreSQL,Directed,6,"opts.GraphNode(name=""PostgreSQL"",symbol_size=6),","opts.GraphLink(source=""Python"", target=""PostgreSQL""),"
32,Python,MySQL,Directed,18,"opts.GraphNode(name=""MySQL"",symbol_size=18),","opts.GraphLink(source=""Python"", target=""MySQL""),"
33,Python,Perl,Directed,12,"opts.GraphNode(name=""Perl"",symbol_size=12),","opts.GraphLink(source=""Python"", target=""Perl""),"
34,SQL,Python,Directed,362,"opts.GraphNode(name=""Python"",symbol_size=362),","opts.GraphLink(source=""SQL"", target=""Python""),"
35,SQL,SQL,Directed,800,"opts.GraphNode(name=""SQL"",symbol_size=800),","opts.GraphLink(source=""SQL"", target=""SQL""),"
36,SQL,Machine Learning,Directed,12,"opts.GraphNode(name=""Machine Learning"",symbol_size=12),","opts.GraphLink(source=""SQL"", target=""Machine Learning""),"
37,SQL,R,Directed,740,"opts.GraphNode(name=""R"",symbol_size=740),","opts.GraphLink(source=""SQL"", target=""R""),"
38,SQL,Hadoop,Directed,22,"opts.GraphNode(name=""Hadoop"",symbol_size=22),","opts.GraphLink(source=""SQL"", target=""Hadoop""),"
39,SQL,Spark,Directed,22,"opts.GraphNode(name=""Spark"",symbol_size=22),","opts.GraphLink(source=""SQL"", target=""Spark""),"
40,SQL,Java,Directed,76,"opts.GraphNode(name=""Java"",symbol_size=76),","opts.GraphLink(source=""SQL"", target=""Java""),"
41,SQL,Tableau,Directed,362,"opts.GraphNode(name=""Tableau"",symbol_size=362),","opts.GraphLink(source=""SQL"", target=""Tableau""),"
42,SQL,Hive,Directed,14,"opts.GraphNode(name=""Hive"",symbol_size=14),","opts.GraphLink(source=""SQL"", target=""Hive""),"
43,SQL,SAS,Directed,162,"opts.GraphNode(name=""SAS"",symbol_size=162),","opts.GraphLink(source=""SQL"", target=""SAS""),"
44,SQL,Big Data,Directed,16,"opts.GraphNode(name=""Big Data"",symbol_size=16),","opts.GraphLink(source=""SQL"", target=""Big Data""),"
45,SQL,AWS,Directed,42,"opts.GraphNode(name=""AWS"",symbol_size=42),","opts.GraphLink(source=""SQL"", target=""AWS""),"
46,SQL,Scala,Directed,12,"opts.GraphNode(name=""Scala"",symbol_size=12),","opts.GraphLink(source=""SQL"", target=""Scala""),"
47,SQL,NoSQL,Directed,10,"opts.GraphNode(name=""NoSQL"",symbol_size=10),","opts.GraphLink(source=""SQL"", target=""NoSQL""),"
48,SQL,C/C++,Directed,4,"opts.GraphNode(name=""C/C++"",symbol_size=4),","opts.GraphLink(source=""SQL"", target=""C/C++""),"
49,SQL,Oracle,Directed,84,"opts.GraphNode(name=""Oracle"",symbol_size=84),","opts.GraphLink(source=""SQL"", target=""Oracle""),"
50,SQL,Data Warehouse,Directed,28,"opts.GraphNode(name=""Data Warehouse"",symbol_size=28),","opts.GraphLink(source=""SQL"", target=""Data Warehouse""),"
51,SQL,Linux,Directed,16,"opts.GraphNode(name=""Linux"",symbol_size=16),","opts.GraphLink(source=""SQL"", target=""Linux""),"
52,SQL,AI,Directed,68,"opts.GraphNode(name=""AI"",symbol_size=68),","opts.GraphLink(source=""SQL"", target=""AI""),"
53,SQL,Microsoft SQL Server,Directed,14,"opts.GraphNode(name=""Microsoft SQL Server"",symbol_size=14),","opts.GraphLink(source=""SQL"", target=""Microsoft SQL Server""),"
54,SQL,TensorFlow,Directed,2,"opts.GraphNode(name=""TensorFlow"",symbol_size=2),","opts.GraphLink(source=""SQL"", target=""TensorFlow""),"
55,SQL,Kafka,Directed,2,"opts.GraphNode(name=""Kafka"",symbol_size=2),","opts.GraphLink(source=""SQL"", target=""Kafka""),"
57,SQL,Azure,Directed,14,"opts.GraphNode(name=""Azure"",symbol_size=14),","opts.GraphLink(source=""SQL"", target=""Azure""),"
58,SQL,MATLAB,Directed,10,"opts.GraphNode(name=""MATLAB"",symbol_size=10),","opts.GraphLink(source=""SQL"", target=""MATLAB""),"
59,SQL,Microsoft Office,Directed,84,"opts.GraphNode(name=""Microsoft Office"",symbol_size=84),","opts.GraphLink(source=""SQL"", target=""Microsoft Office""),"
60,SQL,Scripting,Directed,4,"opts.GraphNode(name=""Scripting"",symbol_size=4),","opts.GraphLink(source=""SQL"", target=""Scripting""),"
61,SQL,Git,Directed,10,"opts.GraphNode(name=""Git"",symbol_size=10),","opts.GraphLink(source=""SQL"", target=""Git""),"
62,SQL,Excel,Directed,562,"opts.GraphNode(name=""Excel"",symbol_size=562),","opts.GraphLink(source=""SQL"", target=""Excel""),"
63,SQL,JavaScript,Directed,26,"opts.GraphNode(name=""JavaScript"",symbol_size=26),","opts.GraphLink(source=""SQL"", target=""JavaScript""),"
64,SQL,HBase,Directed,2,"opts.GraphNode(name=""HBase"",symbol_size=2),","opts.GraphLink(source=""SQL"", target=""HBase""),"
65,SQL,PostgreSQL,Directed,8,"opts.GraphNode(name=""PostgreSQL"",symbol_size=8),","opts.GraphLink(source=""SQL"", target=""PostgreSQL""),"
66,SQL,MySQL,Directed,24,"opts.GraphNode(name=""MySQL"",symbol_size=24),","opts.GraphLink(source=""SQL"", target=""MySQL""),"
67,SQL,Perl,Directed,10,"opts.GraphNode(name=""Perl"",symbol_size=10),","opts.GraphLink(source=""SQL"", target=""Perl""),"
68,Machine Learning,Python,Directed,14,"opts.GraphNode(name=""Python"",symbol_size=14),","opts.GraphLink(source=""Machine Learning"", target=""Python""),"
69,Machine Learning,SQL,Directed,12,"opts.GraphNode(name=""SQL"",symbol_size=12),","opts.GraphLink(source=""Machine Learning"", target=""SQL""),"
70,Machine Learning,Machine Learning,Directed,22,"opts.GraphNode(name=""Machine Learning"",symbol_size=22),","opts.GraphLink(source=""Machine Learning"", target=""Machine Learning""),"
71,Machine Learning,R,Directed,22,"opts.GraphNode(name=""R"",symbol_size=22),","opts.GraphLink(source=""Machine Learning"", target=""R""),"
72,Machine Learning,Hadoop,Directed,2,"opts.GraphNode(name=""Hadoop"",symbol_size=2),","opts.GraphLink(source=""Machine Learning"", target=""Hadoop""),"
73,Machine Learning,Spark,Directed,8,"opts.GraphNode(name=""Spark"",symbol_size=8),","opts.GraphLink(source=""Machine Learning"", target=""Spark""),"
74,Machine Learning,Java,Directed,2,"opts.GraphNode(name=""Java"",symbol_size=2),","opts.GraphLink(source=""Machine Learning"", target=""Java""),"
75,Machine Learning,Tableau,Directed,8,"opts.GraphNode(name=""Tableau"",symbol_size=8),","opts.GraphLink(source=""Machine Learning"", target=""Tableau""),"
76,Machine Learning,SAS,Directed,8,"opts.GraphNode(name=""SAS"",symbol_size=8),","opts.GraphLink(source=""Machine Learning"", target=""SAS""),"
77,Machine Learning,Big Data,Directed,4,"opts.GraphNode(name=""Big Data"",symbol_size=4),","opts.GraphLink(source=""Machine Learning"", target=""Big Data""),"
78,Machine Learning,AWS,Directed,4,"opts.GraphNode(name=""AWS"",symbol_size=4),","opts.GraphLink(source=""Machine Learning"", target=""AWS""),"
79,Machine Learning,Scala,Directed,6,"opts.GraphNode(name=""Scala"",symbol_size=6),","opts.GraphLink(source=""Machine Learning"", target=""Scala""),"
80,Machine Learning,Natural Language Processing,Directed,2,"opts.GraphNode(name=""Natural Language Processing"",symbol_size=2),","opts.GraphLink(source=""Machine Learning"", target=""Natural Language Processing""),"
81,Machine Learning,Data Warehouse,Directed,2,"opts.GraphNode(name=""Data Warehouse"",symbol_size=2),","opts.GraphLink(source=""Machine Learning"", target=""Data Warehouse""),"
82,Machine Learning,AI,Directed,10,"opts.GraphNode(name=""AI"",symbol_size=10),","opts.GraphLink(source=""Machine Learning"", target=""AI""),"
83,Machine Learning,TensorFlow,Directed,2,"opts.GraphNode(name=""TensorFlow"",symbol_size=2),","opts.GraphLink(source=""Machine Learning"", target=""TensorFlow""),"
85,Machine Learning,Azure,Directed,2,"opts.GraphNode(name=""Azure"",symbol_size=2),","opts.GraphLink(source=""Machine Learning"", target=""Azure""),"
86,Machine Learning,MATLAB,Directed,6,"opts.GraphNode(name=""MATLAB"",symbol_size=6),","opts.GraphLink(source=""Machine Learning"", target=""MATLAB""),"
87,Machine Learning,Excel,Directed,12,"opts.GraphNode(name=""Excel"",symbol_size=12),","opts.GraphLink(source=""Machine Learning"", target=""Excel""),"
88,Machine Learning,JavaScript,Directed,2,"opts.GraphNode(name=""JavaScript"",symbol_size=2),","opts.GraphLink(source=""Machine Learning"", target=""JavaScript""),"
89,Machine Learning,MySQL,Directed,2,"opts.GraphNode(name=""MySQL"",symbol_size=2),","opts.GraphLink(source=""Machine Learning"", target=""MySQL""),"
90,R,Python,Directed,380,"opts.GraphNode(name=""Python"",symbol_size=380),","opts.GraphLink(source=""R"", target=""Python""),"
91,R,SQL,Directed,740,"opts.GraphNode(name=""SQL"",symbol_size=740),","opts.GraphLink(source=""R"", target=""SQL""),"
92,R,Machine Learning,Directed,22,"opts.GraphNode(name=""Machine Learning"",symbol_size=22),","opts.GraphLink(source=""R"", target=""Machine Learning""),"
93,R,R,Directed,1632,"opts.GraphNode(name=""R"",symbol_size=1632),","opts.GraphLink(source=""R"", target=""R""),"
94,R,Hadoop,Directed,24,"opts.GraphNode(name=""Hadoop"",symbol_size=24),","opts.GraphLink(source=""R"", target=""Hadoop""),"
95,R,Spark,Directed,30,"opts.GraphNode(name=""Spark"",symbol_size=30),","opts.GraphLink(source=""R"", target=""Spark""),"
96,R,Java,Directed,92,"opts.GraphNode(name=""Java"",symbol_size=92),","opts.GraphLink(source=""R"", target=""Java""),"
97,R,Tableau,Directed,448,"opts.GraphNode(name=""Tableau"",symbol_size=448),","opts.GraphLink(source=""R"", target=""Tableau""),"
98,R,Hive,Directed,14,"opts.GraphNode(name=""Hive"",symbol_size=14),","opts.GraphLink(source=""R"", target=""Hive""),"
99,R,SAS,Directed,184,"opts.GraphNode(name=""SAS"",symbol_size=184),","opts.GraphLink(source=""R"", target=""SAS""),"
100,R,Big Data,Directed,22,"opts.GraphNode(name=""Big Data"",symbol_size=22),","opts.GraphLink(source=""R"", target=""Big Data""),"
101,R,AWS,Directed,50,"opts.GraphNode(name=""AWS"",symbol_size=50),","opts.GraphLink(source=""R"", target=""AWS""),"
102,R,Scala,Directed,14,"opts.GraphNode(name=""Scala"",symbol_size=14),","opts.GraphLink(source=""R"", target=""Scala""),"
103,R,NoSQL,Directed,10,"opts.GraphNode(name=""NoSQL"",symbol_size=10),","opts.GraphLink(source=""R"", target=""NoSQL""),"
104,R,C/C++,Directed,2,"opts.GraphNode(name=""C/C++"",symbol_size=2),","opts.GraphLink(source=""R"", target=""C/C++""),"
105,R,Natural Language Processing,Directed,2,"opts.GraphNode(name=""Natural Language Processing"",symbol_size=2),","opts.GraphLink(source=""R"", target=""Natural Language Processing""),"
106,R,Oracle,Directed,104,"opts.GraphNode(name=""Oracle"",symbol_size=104),","opts.GraphLink(source=""R"", target=""Oracle""),"
107,R,Data Warehouse,Directed,26,"opts.GraphNode(name=""Data Warehouse"",symbol_size=26),","opts.GraphLink(source=""R"", target=""Data Warehouse""),"
108,R,Linux,Directed,20,"opts.GraphNode(name=""Linux"",symbol_size=20),","opts.GraphLink(source=""R"", target=""Linux""),"
109,R,AI,Directed,114,"opts.GraphNode(name=""AI"",symbol_size=114),","opts.GraphLink(source=""R"", target=""AI""),"
110,R,Microsoft SQL Server,Directed,14,"opts.GraphNode(name=""Microsoft SQL Server"",symbol_size=14),","opts.GraphLink(source=""R"", target=""Microsoft SQL Server""),"
111,R,TensorFlow,Directed,4,"opts.GraphNode(name=""TensorFlow"",symbol_size=4),","opts.GraphLink(source=""R"", target=""TensorFlow""),"
112,R,Kafka,Directed,2,"opts.GraphNode(name=""Kafka"",symbol_size=2),","opts.GraphLink(source=""R"", target=""Kafka""),"
114,R,Azure,Directed,24,"opts.GraphNode(name=""Azure"",symbol_size=24),","opts.GraphLink(source=""R"", target=""Azure""),"
115,R,MATLAB,Directed,14,"opts.GraphNode(name=""MATLAB"",symbol_size=14),","opts.GraphLink(source=""R"", target=""MATLAB""),"
116,R,Microsoft Office,Directed,162,"opts.GraphNode(name=""Microsoft Office"",symbol_size=162),","opts.GraphLink(source=""R"", target=""Microsoft Office""),"
117,R,Scripting,Directed,8,"opts.GraphNode(name=""Scripting"",symbol_size=8),","opts.GraphLink(source=""R"", target=""Scripting""),"
118,R,Git,Directed,18,"opts.GraphNode(name=""Git"",symbol_size=18),","opts.GraphLink(source=""R"", target=""Git""),"
119,R,Excel,Directed,1098,"opts.GraphNode(name=""Excel"",symbol_size=1098),","opts.GraphLink(source=""R"", target=""Excel""),"
120,R,JavaScript,Directed,34,"opts.GraphNode(name=""JavaScript"",symbol_size=34),","opts.GraphLink(source=""R"", target=""JavaScript""),"
121,R,HBase,Directed,2,"opts.GraphNode(name=""HBase"",symbol_size=2),","opts.GraphLink(source=""R"", target=""HBase""),"
122,R,PostgreSQL,Directed,8,"opts.GraphNode(name=""PostgreSQL"",symbol_size=8),","opts.GraphLink(source=""R"", target=""PostgreSQL""),"
123,R,MySQL,Directed,22,"opts.GraphNode(name=""MySQL"",symbol_size=22),","opts.GraphLink(source=""R"", target=""MySQL""),"
124,R,Perl,Directed,46,"opts.GraphNode(name=""Perl"",symbol_size=46),","opts.GraphLink(source=""R"", target=""Perl""),"
125,Hadoop,Python,Directed,22,"opts.GraphNode(name=""Python"",symbol_size=22),","opts.GraphLink(source=""Hadoop"", target=""Python""),"
126,Hadoop,SQL,Directed,22,"opts.GraphNode(name=""SQL"",symbol_size=22),","opts.GraphLink(source=""Hadoop"", target=""SQL""),"
127,Hadoop,Machine Learning,Directed,2,"opts.GraphNode(name=""Machine Learning"",symbol_size=2),","opts.GraphLink(source=""Hadoop"", target=""Machine Learning""),"
128,Hadoop,R,Directed,24,"opts.GraphNode(name=""R"",symbol_size=24),","opts.GraphLink(source=""Hadoop"", target=""R""),"
129,Hadoop,Hadoop,Directed,28,"opts.GraphNode(name=""Hadoop"",symbol_size=28),","opts.GraphLink(source=""Hadoop"", target=""Hadoop""),"
130,Hadoop,Spark,Directed,6,"opts.GraphNode(name=""Spark"",symbol_size=6),","opts.GraphLink(source=""Hadoop"", target=""Spark""),"
131,Hadoop,Java,Directed,6,"opts.GraphNode(name=""Java"",symbol_size=6),","opts.GraphLink(source=""Hadoop"", target=""Java""),"
132,Hadoop,Tableau,Directed,22,"opts.GraphNode(name=""Tableau"",symbol_size=22),","opts.GraphLink(source=""Hadoop"", target=""Tableau""),"
133,Hadoop,Hive,Directed,10,"opts.GraphNode(name=""Hive"",symbol_size=10),","opts.GraphLink(source=""Hadoop"", target=""Hive""),"
134,Hadoop,SAS,Directed,10,"opts.GraphNode(name=""SAS"",symbol_size=10),","opts.GraphLink(source=""Hadoop"", target=""SAS""),"
135,Hadoop,Big Data,Directed,6,"opts.GraphNode(name=""Big Data"",symbol_size=6),","opts.GraphLink(source=""Hadoop"", target=""Big Data""),"
136,Hadoop,AWS,Directed,2,"opts.GraphNode(name=""AWS"",symbol_size=2),","opts.GraphLink(source=""Hadoop"", target=""AWS""),"
137,Hadoop,Scala,Directed,2,"opts.GraphNode(name=""Scala"",symbol_size=2),","opts.GraphLink(source=""Hadoop"", target=""Scala""),"
138,Hadoop,NoSQL,Directed,2,"opts.GraphNode(name=""NoSQL"",symbol_size=2),","opts.GraphLink(source=""Hadoop"", target=""NoSQL""),"
139,Hadoop,Data Warehouse,Directed,2,"opts.GraphNode(name=""Data Warehouse"",symbol_size=2),","opts.GraphLink(source=""Hadoop"", target=""Data Warehouse""),"
140,Hadoop,Linux,Directed,4,"opts.GraphNode(name=""Linux"",symbol_size=4),","opts.GraphLink(source=""Hadoop"", target=""Linux""),"
141,Hadoop,Kafka,Directed,2,"opts.GraphNode(name=""Kafka"",symbol_size=2),","opts.GraphLink(source=""Hadoop"", target=""Kafka""),"
142,Hadoop,Azure,Directed,2,"opts.GraphNode(name=""Azure"",symbol_size=2),","opts.GraphLink(source=""Hadoop"", target=""Azure""),"
143,Hadoop,Microsoft Office,Directed,2,"opts.GraphNode(name=""Microsoft Office"",symbol_size=2),","opts.GraphLink(source=""Hadoop"", target=""Microsoft Office""),"
144,Hadoop,Excel,Directed,12,"opts.GraphNode(name=""Excel"",symbol_size=12),","opts.GraphLink(source=""Hadoop"", target=""Excel""),"
145,Hadoop,JavaScript,Directed,2,"opts.GraphNode(name=""JavaScript"",symbol_size=2),","opts.GraphLink(source=""Hadoop"", target=""JavaScript""),"
146,Spark,Python,Directed,22,"opts.GraphNode(name=""Python"",symbol_size=22),","opts.GraphLink(source=""Spark"", target=""Python""),"
147,Spark,SQL,Directed,22,"opts.GraphNode(name=""SQL"",symbol_size=22),","opts.GraphLink(source=""Spark"", target=""SQL""),"
148,Spark,Machine Learning,Directed,8,"opts.GraphNode(name=""Machine Learning"",symbol_size=8),","opts.GraphLink(source=""Spark"", target=""Machine Learning""),"
149,Spark,R,Directed,30,"opts.GraphNode(name=""R"",symbol_size=30),","opts.GraphLink(source=""Spark"", target=""R""),"
150,Spark,Hadoop,Directed,6,"opts.GraphNode(name=""Hadoop"",symbol_size=6),","opts.GraphLink(source=""Spark"", target=""Hadoop""),"
151,Spark,Spark,Directed,32,"opts.GraphNode(name=""Spark"",symbol_size=32),","opts.GraphLink(source=""Spark"", target=""Spark""),"
152,Spark,Java,Directed,6,"opts.GraphNode(name=""Java"",symbol_size=6),","opts.GraphLink(source=""Spark"", target=""Java""),"
153,Spark,Tableau,Directed,10,"opts.GraphNode(name=""Tableau"",symbol_size=10),","opts.GraphLink(source=""Spark"", target=""Tableau""),"
154,Spark,Hive,Directed,4,"opts.GraphNode(name=""Hive"",symbol_size=4),","opts.GraphLink(source=""Spark"", target=""Hive""),"
155,Spark,SAS,Directed,10,"opts.GraphNode(name=""SAS"",symbol_size=10),","opts.GraphLink(source=""Spark"", target=""SAS""),"
156,Spark,Big Data,Directed,8,"opts.GraphNode(name=""Big Data"",symbol_size=8),","opts.GraphLink(source=""Spark"", target=""Big Data""),"
157,Spark,AWS,Directed,14,"opts.GraphNode(name=""AWS"",symbol_size=14),","opts.GraphLink(source=""Spark"", target=""AWS""),"
158,Spark,Scala,Directed,8,"opts.GraphNode(name=""Scala"",symbol_size=8),","opts.GraphLink(source=""Spark"", target=""Scala""),"
159,Spark,NoSQL,Directed,4,"opts.GraphNode(name=""NoSQL"",symbol_size=4),","opts.GraphLink(source=""Spark"", target=""NoSQL""),"
160,Spark,Oracle,Directed,2,"opts.GraphNode(name=""Oracle"",symbol_size=2),","opts.GraphLink(source=""Spark"", target=""Oracle""),"
161,Spark,Data Warehouse,Directed,4,"opts.GraphNode(name=""Data Warehouse"",symbol_size=4),","opts.GraphLink(source=""Spark"", target=""Data Warehouse""),"
162,Spark,Linux,Directed,6,"opts.GraphNode(name=""Linux"",symbol_size=6),","opts.GraphLink(source=""Spark"", target=""Linux""),"
163,Spark,TensorFlow,Directed,2,"opts.GraphNode(name=""TensorFlow"",symbol_size=2),","opts.GraphLink(source=""Spark"", target=""TensorFlow""),"
164,Spark,Kafka,Directed,2,"opts.GraphNode(name=""Kafka"",symbol_size=2),","opts.GraphLink(source=""Spark"", target=""Kafka""),"
165,Spark,Azure,Directed,4,"opts.GraphNode(name=""Azure"",symbol_size=4),","opts.GraphLink(source=""Spark"", target=""Azure""),"
166,Spark,MATLAB,Directed,4,"opts.GraphNode(name=""MATLAB"",symbol_size=4),","opts.GraphLink(source=""Spark"", target=""MATLAB""),"
167,Spark,Microsoft Office,Directed,4,"opts.GraphNode(name=""Microsoft Office"",symbol_size=4),","opts.GraphLink(source=""Spark"", target=""Microsoft Office""),"
168,Spark,Excel,Directed,10,"opts.GraphNode(name=""Excel"",symbol_size=10),","opts.GraphLink(source=""Spark"", target=""Excel""),"
169,Spark,JavaScript,Directed,2,"opts.GraphNode(name=""JavaScript"",symbol_size=2),","opts.GraphLink(source=""Spark"", target=""JavaScript""),"
170,Spark,MySQL,Directed,4,"opts.GraphNode(name=""MySQL"",symbol_size=4),","opts.GraphLink(source=""Spark"", target=""MySQL""),"
171,Java,Python,Directed,74,"opts.GraphNode(name=""Python"",symbol_size=74),","opts.GraphLink(source=""Java"", target=""Python""),"
172,Java,SQL,Directed,76,"opts.GraphNode(name=""SQL"",symbol_size=76),","opts.GraphLink(source=""Java"", target=""SQL""),"
173,Java,Machine Learning,Directed,2,"opts.GraphNode(name=""Machine Learning"",symbol_size=2),","opts.GraphLink(source=""Java"", target=""Machine Learning""),"
174,Java,R,Directed,92,"opts.GraphNode(name=""R"",symbol_size=92),","opts.GraphLink(source=""Java"", target=""R""),"
175,Java,Hadoop,Directed,6,"opts.GraphNode(name=""Hadoop"",symbol_size=6),","opts.GraphLink(source=""Java"", target=""Hadoop""),"
176,Java,Spark,Directed,6,"opts.GraphNode(name=""Spark"",symbol_size=6),","opts.GraphLink(source=""Java"", target=""Spark""),"
177,Java,Java,Directed,100,"opts.GraphNode(name=""Java"",symbol_size=100),","opts.GraphLink(source=""Java"", target=""Java""),"
178,Java,Tableau,Directed,58,"opts.GraphNode(name=""Tableau"",symbol_size=58),","opts.GraphLink(source=""Java"", target=""Tableau""),"
179,Java,SAS,Directed,20,"opts.GraphNode(name=""SAS"",symbol_size=20),","opts.GraphLink(source=""Java"", target=""SAS""),"
180,Java,Big Data,Directed,10,"opts.GraphNode(name=""Big Data"",symbol_size=10),","opts.GraphLink(source=""Java"", target=""Big Data""),"
181,Java,AWS,Directed,8,"opts.GraphNode(name=""AWS"",symbol_size=8),","opts.GraphLink(source=""Java"", target=""AWS""),"
182,Java,Scala,Directed,6,"opts.GraphNode(name=""Scala"",symbol_size=6),","opts.GraphLink(source=""Java"", target=""Scala""),"
183,Java,NoSQL,Directed,2,"opts.GraphNode(name=""NoSQL"",symbol_size=2),","opts.GraphLink(source=""Java"", target=""NoSQL""),"
184,Java,C/C++,Directed,2,"opts.GraphNode(name=""C/C++"",symbol_size=2),","opts.GraphLink(source=""Java"", target=""C/C++""),"
185,Java,Oracle,Directed,24,"opts.GraphNode(name=""Oracle"",symbol_size=24),","opts.GraphLink(source=""Java"", target=""Oracle""),"
186,Java,Data Warehouse,Directed,6,"opts.GraphNode(name=""Data Warehouse"",symbol_size=6),","opts.GraphLink(source=""Java"", target=""Data Warehouse""),"
187,Java,Linux,Directed,8,"opts.GraphNode(name=""Linux"",symbol_size=8),","opts.GraphLink(source=""Java"", target=""Linux""),"
188,Java,AI,Directed,6,"opts.GraphNode(name=""AI"",symbol_size=6),","opts.GraphLink(source=""Java"", target=""AI""),"
190,Java,Azure,Directed,8,"opts.GraphNode(name=""Azure"",symbol_size=8),","opts.GraphLink(source=""Java"", target=""Azure""),"
191,Java,Microsoft Office,Directed,4,"opts.GraphNode(name=""Microsoft Office"",symbol_size=4),","opts.GraphLink(source=""Java"", target=""Microsoft Office""),"
192,Java,Git,Directed,6,"opts.GraphNode(name=""Git"",symbol_size=6),","opts.GraphLink(source=""Java"", target=""Git""),"
193,Java,Excel,Directed,60,"opts.GraphNode(name=""Excel"",symbol_size=60),","opts.GraphLink(source=""Java"", target=""Excel""),"
194,Java,JavaScript,Directed,36,"opts.GraphNode(name=""JavaScript"",symbol_size=36),","opts.GraphLink(source=""Java"", target=""JavaScript""),"
195,Java,HBase,Directed,2,"opts.GraphNode(name=""HBase"",symbol_size=2),","opts.GraphLink(source=""Java"", target=""HBase""),"
196,Java,PostgreSQL,Directed,2,"opts.GraphNode(name=""PostgreSQL"",symbol_size=2),","opts.GraphLink(source=""Java"", target=""PostgreSQL""),"
197,Java,MySQL,Directed,8,"opts.GraphNode(name=""MySQL"",symbol_size=8),","opts.GraphLink(source=""Java"", target=""MySQL""),"
198,Java,Perl,Directed,10,"opts.GraphNode(name=""Perl"",symbol_size=10),","opts.GraphLink(source=""Java"", target=""Perl""),"
199,Tableau,Python,Directed,210,"opts.GraphNode(name=""Python"",symbol_size=210),","opts.GraphLink(source=""Tableau"", target=""Python""),"
200,Tableau,SQL,Directed,362,"opts.GraphNode(name=""SQL"",symbol_size=362),","opts.GraphLink(source=""Tableau"", target=""SQL""),"
201,Tableau,Machine Learning,Directed,8,"opts.GraphNode(name=""Machine Learning"",symbol_size=8),","opts.GraphLink(source=""Tableau"", target=""Machine Learning""),"
202,Tableau,R,Directed,448,"opts.GraphNode(name=""R"",symbol_size=448),","opts.GraphLink(source=""Tableau"", target=""R""),"
203,Tableau,Hadoop,Directed,22,"opts.GraphNode(name=""Hadoop"",symbol_size=22),","opts.GraphLink(source=""Tableau"", target=""Hadoop""),"
204,Tableau,Spark,Directed,10,"opts.GraphNode(name=""Spark"",symbol_size=10),","opts.GraphLink(source=""Tableau"", target=""Spark""),"
205,Tableau,Java,Directed,58,"opts.GraphNode(name=""Java"",symbol_size=58),","opts.GraphLink(source=""Tableau"", target=""Java""),"
206,Tableau,Tableau,Directed,476,"opts.GraphNode(name=""Tableau"",symbol_size=476),","opts.GraphLink(source=""Tableau"", target=""Tableau""),"
207,Tableau,Hive,Directed,8,"opts.GraphNode(name=""Hive"",symbol_size=8),","opts.GraphLink(source=""Tableau"", target=""Hive""),"
208,Tableau,SAS,Directed,82,"opts.GraphNode(name=""SAS"",symbol_size=82),","opts.GraphLink(source=""Tableau"", target=""SAS""),"
209,Tableau,Big Data,Directed,10,"opts.GraphNode(name=""Big Data"",symbol_size=10),","opts.GraphLink(source=""Tableau"", target=""Big Data""),"
210,Tableau,AWS,Directed,30,"opts.GraphNode(name=""AWS"",symbol_size=30),","opts.GraphLink(source=""Tableau"", target=""AWS""),"
211,Tableau,Scala,Directed,4,"opts.GraphNode(name=""Scala"",symbol_size=4),","opts.GraphLink(source=""Tableau"", target=""Scala""),"
212,Tableau,NoSQL,Directed,6,"opts.GraphNode(name=""NoSQL"",symbol_size=6),","opts.GraphLink(source=""Tableau"", target=""NoSQL""),"
213,Tableau,Natural Language Processing,Directed,2,"opts.GraphNode(name=""Natural Language Processing"",symbol_size=2),","opts.GraphLink(source=""Tableau"", target=""Natural Language Processing""),"
214,Tableau,Oracle,Directed,50,"opts.GraphNode(name=""Oracle"",symbol_size=50),","opts.GraphLink(source=""Tableau"", target=""Oracle""),"
215,Tableau,Data Warehouse,Directed,16,"opts.GraphNode(name=""Data Warehouse"",symbol_size=16),","opts.GraphLink(source=""Tableau"", target=""Data Warehouse""),"
216,Tableau,Linux,Directed,16,"opts.GraphNode(name=""Linux"",symbol_size=16),","opts.GraphLink(source=""Tableau"", target=""Linux""),"
217,Tableau,AI,Directed,34,"opts.GraphNode(name=""AI"",symbol_size=34),","opts.GraphLink(source=""Tableau"", target=""AI""),"
218,Tableau,Microsoft SQL Server,Directed,10,"opts.GraphNode(name=""Microsoft SQL Server"",symbol_size=10),","opts.GraphLink(source=""Tableau"", target=""Microsoft SQL Server""),"
219,Tableau,Kafka,Directed,2,"opts.GraphNode(name=""Kafka"",symbol_size=2),","opts.GraphLink(source=""Tableau"", target=""Kafka""),"
221,Tableau,Azure,Directed,8,"opts.GraphNode(name=""Azure"",symbol_size=8),","opts.GraphLink(source=""Tableau"", target=""Azure""),"
222,Tableau,MATLAB,Directed,2,"opts.GraphNode(name=""MATLAB"",symbol_size=2),","opts.GraphLink(source=""Tableau"", target=""MATLAB""),"
223,Tableau,Microsoft Office,Directed,52,"opts.GraphNode(name=""Microsoft Office"",symbol_size=52),","opts.GraphLink(source=""Tableau"", target=""Microsoft Office""),"
224,Tableau,Scripting,Directed,4,"opts.GraphNode(name=""Scripting"",symbol_size=4),","opts.GraphLink(source=""Tableau"", target=""Scripting""),"
225,Tableau,Git,Directed,2,"opts.GraphNode(name=""Git"",symbol_size=2),","opts.GraphLink(source=""Tableau"", target=""Git""),"
226,Tableau,Excel,Directed,358,"opts.GraphNode(name=""Excel"",symbol_size=358),","opts.GraphLink(source=""Tableau"", target=""Excel""),"
227,Tableau,JavaScript,Directed,22,"opts.GraphNode(name=""JavaScript"",symbol_size=22),","opts.GraphLink(source=""Tableau"", target=""JavaScript""),"
228,Tableau,HBase,Directed,2,"opts.GraphNode(name=""HBase"",symbol_size=2),","opts.GraphLink(source=""Tableau"", target=""HBase""),"
229,Tableau,PostgreSQL,Directed,6,"opts.GraphNode(name=""PostgreSQL"",symbol_size=6),","opts.GraphLink(source=""Tableau"", target=""PostgreSQL""),"
230,Tableau,MySQL,Directed,20,"opts.GraphNode(name=""MySQL"",symbol_size=20),","opts.GraphLink(source=""Tableau"", target=""MySQL""),"
231,Tableau,Perl,Directed,8,"opts.GraphNode(name=""Perl"",symbol_size=8),","opts.GraphLink(source=""Tableau"", target=""Perl""),"
232,Hive,Python,Directed,12,"opts.GraphNode(name=""Python"",symbol_size=12),","opts.GraphLink(source=""Hive"", target=""Python""),"
233,Hive,SQL,Directed,14,"opts.GraphNode(name=""SQL"",symbol_size=14),","opts.GraphLink(source=""Hive"", target=""SQL""),"
234,Hive,R,Directed,14,"opts.GraphNode(name=""R"",symbol_size=14),","opts.GraphLink(source=""Hive"", target=""R""),"
235,Hive,Hadoop,Directed,10,"opts.GraphNode(name=""Hadoop"",symbol_size=10),","opts.GraphLink(source=""Hive"", target=""Hadoop""),"
236,Hive,Spark,Directed,4,"opts.GraphNode(name=""Spark"",symbol_size=4),","opts.GraphLink(source=""Hive"", target=""Spark""),"
237,Hive,Tableau,Directed,8,"opts.GraphNode(name=""Tableau"",symbol_size=8),","opts.GraphLink(source=""Hive"", target=""Tableau""),"
238,Hive,Hive,Directed,14,"opts.GraphNode(name=""Hive"",symbol_size=14),","opts.GraphLink(source=""Hive"", target=""Hive""),"
239,Hive,SAS,Directed,4,"opts.GraphNode(name=""SAS"",symbol_size=4),","opts.GraphLink(source=""Hive"", target=""SAS""),"
240,Hive,Big Data,Directed,2,"opts.GraphNode(name=""Big Data"",symbol_size=2),","opts.GraphLink(source=""Hive"", target=""Big Data""),"
241,Hive,AWS,Directed,2,"opts.GraphNode(name=""AWS"",symbol_size=2),","opts.GraphLink(source=""Hive"", target=""AWS""),"
242,Hive,NoSQL,Directed,2,"opts.GraphNode(name=""NoSQL"",symbol_size=2),","opts.GraphLink(source=""Hive"", target=""NoSQL""),"
243,Hive,Data Warehouse,Directed,2,"opts.GraphNode(name=""Data Warehouse"",symbol_size=2),","opts.GraphLink(source=""Hive"", target=""Data Warehouse""),"
244,Hive,Linux,Directed,2,"opts.GraphNode(name=""Linux"",symbol_size=2),","opts.GraphLink(source=""Hive"", target=""Linux""),"
245,Hive,Kafka,Directed,2,"opts.GraphNode(name=""Kafka"",symbol_size=2),","opts.GraphLink(source=""Hive"", target=""Kafka""),"
246,Hive,Excel,Directed,6,"opts.GraphNode(name=""Excel"",symbol_size=6),","opts.GraphLink(source=""Hive"", target=""Excel""),"
247,SAS,Python,Directed,80,"opts.GraphNode(name=""Python"",symbol_size=80),","opts.GraphLink(source=""SAS"", target=""Python""),"
248,SAS,SQL,Directed,162,"opts.GraphNode(name=""SQL"",symbol_size=162),","opts.GraphLink(source=""SAS"", target=""SQL""),"
249,SAS,Machine Learning,Directed,8,"opts.GraphNode(name=""Machine Learning"",symbol_size=8),","opts.GraphLink(source=""SAS"", target=""Machine Learning""),"
250,SAS,R,Directed,184,"opts.GraphNode(name=""R"",symbol_size=184),","opts.GraphLink(source=""SAS"", target=""R""),"
251,SAS,Hadoop,Directed,10,"opts.GraphNode(name=""Hadoop"",symbol_size=10),","opts.GraphLink(source=""SAS"", target=""Hadoop""),"
252,SAS,Spark,Directed,10,"opts.GraphNode(name=""Spark"",symbol_size=10),","opts.GraphLink(source=""SAS"", target=""Spark""),"
253,SAS,Java,Directed,20,"opts.GraphNode(name=""Java"",symbol_size=20),","opts.GraphLink(source=""SAS"", target=""Java""),"
254,SAS,Tableau,Directed,82,"opts.GraphNode(name=""Tableau"",symbol_size=82),","opts.GraphLink(source=""SAS"", target=""Tableau""),"
255,SAS,Hive,Directed,4,"opts.GraphNode(name=""Hive"",symbol_size=4),","opts.GraphLink(source=""SAS"", target=""Hive""),"
256,SAS,SAS,Directed,190,"opts.GraphNode(name=""SAS"",symbol_size=190),","opts.GraphLink(source=""SAS"", target=""SAS""),"
257,SAS,Big Data,Directed,2,"opts.GraphNode(name=""Big Data"",symbol_size=2),","opts.GraphLink(source=""SAS"", target=""Big Data""),"
258,SAS,AWS,Directed,10,"opts.GraphNode(name=""AWS"",symbol_size=10),","opts.GraphLink(source=""SAS"", target=""AWS""),"
259,SAS,Scala,Directed,8,"opts.GraphNode(name=""Scala"",symbol_size=8),","opts.GraphLink(source=""SAS"", target=""Scala""),"
260,SAS,NoSQL,Directed,2,"opts.GraphNode(name=""NoSQL"",symbol_size=2),","opts.GraphLink(source=""SAS"", target=""NoSQL""),"
261,SAS,Oracle,Directed,16,"opts.GraphNode(name=""Oracle"",symbol_size=16),","opts.GraphLink(source=""SAS"", target=""Oracle""),"
262,SAS,Data Warehouse,Directed,2,"opts.GraphNode(name=""Data Warehouse"",symbol_size=2),","opts.GraphLink(source=""SAS"", target=""Data Warehouse""),"
263,SAS,Linux,Directed,2,"opts.GraphNode(name=""Linux"",symbol_size=2),","opts.GraphLink(source=""SAS"", target=""Linux""),"
264,SAS,AI,Directed,18,"opts.GraphNode(name=""AI"",symbol_size=18),","opts.GraphLink(source=""SAS"", target=""AI""),"
265,SAS,Microsoft SQL Server,Directed,2,"opts.GraphNode(name=""Microsoft SQL Server"",symbol_size=2),","opts.GraphLink(source=""SAS"", target=""Microsoft SQL Server""),"
266,SAS,TensorFlow,Directed,2,"opts.GraphNode(name=""TensorFlow"",symbol_size=2),","opts.GraphLink(source=""SAS"", target=""TensorFlow""),"
267,SAS,MATLAB,Directed,12,"opts.GraphNode(name=""MATLAB"",symbol_size=12),","opts.GraphLink(source=""SAS"", target=""MATLAB""),"
268,SAS,Microsoft Office,Directed,26,"opts.GraphNode(name=""Microsoft Office"",symbol_size=26),","opts.GraphLink(source=""SAS"", target=""Microsoft Office""),"
269,SAS,Scripting,Directed,6,"opts.GraphNode(name=""Scripting"",symbol_size=6),","opts.GraphLink(source=""SAS"", target=""Scripting""),"
270,SAS,Excel,Directed,134,"opts.GraphNode(name=""Excel"",symbol_size=134),","opts.GraphLink(source=""SAS"", target=""Excel""),"
271,SAS,JavaScript,Directed,6,"opts.GraphNode(name=""JavaScript"",symbol_size=6),","opts.GraphLink(source=""SAS"", target=""JavaScript""),"
272,SAS,PostgreSQL,Directed,2,"opts.GraphNode(name=""PostgreSQL"",symbol_size=2),","opts.GraphLink(source=""SAS"", target=""PostgreSQL""),"
273,SAS,MySQL,Directed,6,"opts.GraphNode(name=""MySQL"",symbol_size=6),","opts.GraphLink(source=""SAS"", target=""MySQL""),"
274,SAS,Perl,Directed,2,"opts.GraphNode(name=""Perl"",symbol_size=2),","opts.GraphLink(source=""SAS"", target=""Perl""),"
275,Big Data,Python,Directed,12,"opts.GraphNode(name=""Python"",symbol_size=12),","opts.GraphLink(source=""Big Data"", target=""Python""),"
276,Big Data,SQL,Directed,16,"opts.GraphNode(name=""SQL"",symbol_size=16),","opts.GraphLink(source=""Big Data"", target=""SQL""),"
277,Big Data,Machine Learning,Directed,4,"opts.GraphNode(name=""Machine Learning"",symbol_size=4),","opts.GraphLink(source=""Big Data"", target=""Machine Learning""),"
278,Big Data,R,Directed,22,"opts.GraphNode(name=""R"",symbol_size=22),","opts.GraphLink(source=""Big Data"", target=""R""),"
279,Big Data,Hadoop,Directed,6,"opts.GraphNode(name=""Hadoop"",symbol_size=6),","opts.GraphLink(source=""Big Data"", target=""Hadoop""),"
280,Big Data,Spark,Directed,8,"opts.GraphNode(name=""Spark"",symbol_size=8),","opts.GraphLink(source=""Big Data"", target=""Spark""),"
281,Big Data,Java,Directed,10,"opts.GraphNode(name=""Java"",symbol_size=10),","opts.GraphLink(source=""Big Data"", target=""Java""),"
282,Big Data,Tableau,Directed,10,"opts.GraphNode(name=""Tableau"",symbol_size=10),","opts.GraphLink(source=""Big Data"", target=""Tableau""),"
283,Big Data,Hive,Directed,2,"opts.GraphNode(name=""Hive"",symbol_size=2),","opts.GraphLink(source=""Big Data"", target=""Hive""),"
284,Big Data,SAS,Directed,2,"opts.GraphNode(name=""SAS"",symbol_size=2),","opts.GraphLink(source=""Big Data"", target=""SAS""),"
285,Big Data,Big Data,Directed,26,"opts.GraphNode(name=""Big Data"",symbol_size=26),","opts.GraphLink(source=""Big Data"", target=""Big Data""),"
286,Big Data,AWS,Directed,4,"opts.GraphNode(name=""AWS"",symbol_size=4),","opts.GraphLink(source=""Big Data"", target=""AWS""),"
287,Big Data,Scala,Directed,4,"opts.GraphNode(name=""Scala"",symbol_size=4),","opts.GraphLink(source=""Big Data"", target=""Scala""),"
288,Big Data,NoSQL,Directed,2,"opts.GraphNode(name=""NoSQL"",symbol_size=2),","opts.GraphLink(source=""Big Data"", target=""NoSQL""),"
289,Big Data,Oracle,Directed,6,"opts.GraphNode(name=""Oracle"",symbol_size=6),","opts.GraphLink(source=""Big Data"", target=""Oracle""),"
290,Big Data,Data Warehouse,Directed,4,"opts.GraphNode(name=""Data Warehouse"",symbol_size=4),","opts.GraphLink(source=""Big Data"", target=""Data Warehouse""),"
291,Big Data,Linux,Directed,6,"opts.GraphNode(name=""Linux"",symbol_size=6),","opts.GraphLink(source=""Big Data"", target=""Linux""),"
292,Big Data,AI,Directed,4,"opts.GraphNode(name=""AI"",symbol_size=4),","opts.GraphLink(source=""Big Data"", target=""AI""),"
294,Big Data,Azure,Directed,8,"opts.GraphNode(name=""Azure"",symbol_size=8),","opts.GraphLink(source=""Big Data"", target=""Azure""),"
295,Big Data,MATLAB,Directed,2,"opts.GraphNode(name=""MATLAB"",symbol_size=2),","opts.GraphLink(source=""Big Data"", target=""MATLAB""),"
296,Big Data,Excel,Directed,8,"opts.GraphNode(name=""Excel"",symbol_size=8),","opts.GraphLink(source=""Big Data"", target=""Excel""),"
297,Big Data,JavaScript,Directed,4,"opts.GraphNode(name=""JavaScript"",symbol_size=4),","opts.GraphLink(source=""Big Data"", target=""JavaScript""),"
298,Big Data,MySQL,Directed,2,"opts.GraphNode(name=""MySQL"",symbol_size=2),","opts.GraphLink(source=""Big Data"", target=""MySQL""),"
299,AWS,Python,Directed,38,"opts.GraphNode(name=""Python"",symbol_size=38),","opts.GraphLink(source=""AWS"", target=""Python""),"
300,AWS,SQL,Directed,42,"opts.GraphNode(name=""SQL"",symbol_size=42),","opts.GraphLink(source=""AWS"", target=""SQL""),"
301,AWS,Machine Learning,Directed,4,"opts.GraphNode(name=""Machine Learning"",symbol_size=4),","opts.GraphLink(source=""AWS"", target=""Machine Learning""),"
302,AWS,R,Directed,50,"opts.GraphNode(name=""R"",symbol_size=50),","opts.GraphLink(source=""AWS"", target=""R""),"
303,AWS,Hadoop,Directed,2,"opts.GraphNode(name=""Hadoop"",symbol_size=2),","opts.GraphLink(source=""AWS"", target=""Hadoop""),"
304,AWS,Spark,Directed,14,"opts.GraphNode(name=""Spark"",symbol_size=14),","opts.GraphLink(source=""AWS"", target=""Spark""),"
305,AWS,Java,Directed,8,"opts.GraphNode(name=""Java"",symbol_size=8),","opts.GraphLink(source=""AWS"", target=""Java""),"
306,AWS,Tableau,Directed,30,"opts.GraphNode(name=""Tableau"",symbol_size=30),","opts.GraphLink(source=""AWS"", target=""Tableau""),"
307,AWS,Hive,Directed,2,"opts.GraphNode(name=""Hive"",symbol_size=2),","opts.GraphLink(source=""AWS"", target=""Hive""),"
308,AWS,SAS,Directed,10,"opts.GraphNode(name=""SAS"",symbol_size=10),","opts.GraphLink(source=""AWS"", target=""SAS""),"
309,AWS,Big Data,Directed,4,"opts.GraphNode(name=""Big Data"",symbol_size=4),","opts.GraphLink(source=""AWS"", target=""Big Data""),"
310,AWS,AWS,Directed,50,"opts.GraphNode(name=""AWS"",symbol_size=50),","opts.GraphLink(source=""AWS"", target=""AWS""),"
311,AWS,Scala,Directed,2,"opts.GraphNode(name=""Scala"",symbol_size=2),","opts.GraphLink(source=""AWS"", target=""Scala""),"
312,AWS,NoSQL,Directed,2,"opts.GraphNode(name=""NoSQL"",symbol_size=2),","opts.GraphLink(source=""AWS"", target=""NoSQL""),"
313,AWS,Natural Language Processing,Directed,2,"opts.GraphNode(name=""Natural Language Processing"",symbol_size=2),","opts.GraphLink(source=""AWS"", target=""Natural Language Processing""),"
314,AWS,Oracle,Directed,2,"opts.GraphNode(name=""Oracle"",symbol_size=2),","opts.GraphLink(source=""AWS"", target=""Oracle""),"
315,AWS,Data Warehouse,Directed,2,"opts.GraphNode(name=""Data Warehouse"",symbol_size=2),","opts.GraphLink(source=""AWS"", target=""Data Warehouse""),"
316,AWS,Linux,Directed,4,"opts.GraphNode(name=""Linux"",symbol_size=4),","opts.GraphLink(source=""AWS"", target=""Linux""),"
317,AWS,AI,Directed,6,"opts.GraphNode(name=""AI"",symbol_size=6),","opts.GraphLink(source=""AWS"", target=""AI""),"
319,AWS,Azure,Directed,6,"opts.GraphNode(name=""Azure"",symbol_size=6),","opts.GraphLink(source=""AWS"", target=""Azure""),"
320,AWS,Excel,Directed,20,"opts.GraphNode(name=""Excel"",symbol_size=20),","opts.GraphLink(source=""AWS"", target=""Excel""),"
321,AWS,HBase,Directed,2,"opts.GraphNode(name=""HBase"",symbol_size=2),","opts.GraphLink(source=""AWS"", target=""HBase""),"
322,AWS,PostgreSQL,Directed,2,"opts.GraphNode(name=""PostgreSQL"",symbol_size=2),","opts.GraphLink(source=""AWS"", target=""PostgreSQL""),"
323,AWS,MySQL,Directed,4,"opts.GraphNode(name=""MySQL"",symbol_size=4),","opts.GraphLink(source=""AWS"", target=""MySQL""),"
324,AWS,Perl,Directed,2,"opts.GraphNode(name=""Perl"",symbol_size=2),","opts.GraphLink(source=""AWS"", target=""Perl""),"
325,Scala,Python,Directed,16,"opts.GraphNode(name=""Python"",symbol_size=16),","opts.GraphLink(source=""Scala"", target=""Python""),"
326,Scala,SQL,Directed,12,"opts.GraphNode(name=""SQL"",symbol_size=12),","opts.GraphLink(source=""Scala"", target=""SQL""),"
327,Scala,Machine Learning,Directed,6,"opts.GraphNode(name=""Machine Learning"",symbol_size=6),","opts.GraphLink(source=""Scala"", target=""Machine Learning""),"
328,Scala,R,Directed,14,"opts.GraphNode(name=""R"",symbol_size=14),","opts.GraphLink(source=""Scala"", target=""R""),"
329,Scala,Hadoop,Directed,2,"opts.GraphNode(name=""Hadoop"",symbol_size=2),","opts.GraphLink(source=""Scala"", target=""Hadoop""),"
330,Scala,Spark,Directed,8,"opts.GraphNode(name=""Spark"",symbol_size=8),","opts.GraphLink(source=""Scala"", target=""Spark""),"
331,Scala,Java,Directed,6,"opts.GraphNode(name=""Java"",symbol_size=6),","opts.GraphLink(source=""Scala"", target=""Java""),"
332,Scala,Tableau,Directed,4,"opts.GraphNode(name=""Tableau"",symbol_size=4),","opts.GraphLink(source=""Scala"", target=""Tableau""),"
333,Scala,SAS,Directed,8,"opts.GraphNode(name=""SAS"",symbol_size=8),","opts.GraphLink(source=""Scala"", target=""SAS""),"
334,Scala,Big Data,Directed,4,"opts.GraphNode(name=""Big Data"",symbol_size=4),","opts.GraphLink(source=""Scala"", target=""Big Data""),"
335,Scala,AWS,Directed,2,"opts.GraphNode(name=""AWS"",symbol_size=2),","opts.GraphLink(source=""Scala"", target=""AWS""),"
336,Scala,Scala,Directed,16,"opts.GraphNode(name=""Scala"",symbol_size=16),","opts.GraphLink(source=""Scala"", target=""Scala""),"
337,Scala,NoSQL,Directed,2,"opts.GraphNode(name=""NoSQL"",symbol_size=2),","opts.GraphLink(source=""Scala"", target=""NoSQL""),"
338,Scala,Oracle,Directed,2,"opts.GraphNode(name=""Oracle"",symbol_size=2),","opts.GraphLink(source=""Scala"", target=""Oracle""),"
339,Scala,Azure,Directed,4,"opts.GraphNode(name=""Azure"",symbol_size=4),","opts.GraphLink(source=""Scala"", target=""Azure""),"
340,Scala,MATLAB,Directed,4,"opts.GraphNode(name=""MATLAB"",symbol_size=4),","opts.GraphLink(source=""Scala"", target=""MATLAB""),"
341,Scala,Excel,Directed,2,"opts.GraphNode(name=""Excel"",symbol_size=2),","opts.GraphLink(source=""Scala"", target=""Excel""),"
342,Scala,JavaScript,Directed,2,"opts.GraphNode(name=""JavaScript"",symbol_size=2),","opts.GraphLink(source=""Scala"", target=""JavaScript""),"
343,Scala,MySQL,Directed,2,"opts.GraphNode(name=""MySQL"",symbol_size=2),","opts.GraphLink(source=""Scala"", target=""MySQL""),"
344,Scala,Perl,Directed,2,"opts.GraphNode(name=""Perl"",symbol_size=2),","opts.GraphLink(source=""Scala"", target=""Perl""),"
345,NoSQL,Python,Directed,8,"opts.GraphNode(name=""Python"",symbol_size=8),","opts.GraphLink(source=""NoSQL"", target=""Python""),"
346,NoSQL,SQL,Directed,10,"opts.GraphNode(name=""SQL"",symbol_size=10),","opts.GraphLink(source=""NoSQL"", target=""SQL""),"
347,NoSQL,R,Directed,10,"opts.GraphNode(name=""R"",symbol_size=10),","opts.GraphLink(source=""NoSQL"", target=""R""),"
348,NoSQL,Hadoop,Directed,2,"opts.GraphNode(name=""Hadoop"",symbol_size=2),","opts.GraphLink(source=""NoSQL"", target=""Hadoop""),"
349,NoSQL,Spark,Directed,4,"opts.GraphNode(name=""Spark"",symbol_size=4),","opts.GraphLink(source=""NoSQL"", target=""Spark""),"
350,NoSQL,Java,Directed,2,"opts.GraphNode(name=""Java"",symbol_size=2),","opts.GraphLink(source=""NoSQL"", target=""Java""),"
351,NoSQL,Tableau,Directed,6,"opts.GraphNode(name=""Tableau"",symbol_size=6),","opts.GraphLink(source=""NoSQL"", target=""Tableau""),"
352,NoSQL,Hive,Directed,2,"opts.GraphNode(name=""Hive"",symbol_size=2),","opts.GraphLink(source=""NoSQL"", target=""Hive""),"
353,NoSQL,SAS,Directed,2,"opts.GraphNode(name=""SAS"",symbol_size=2),","opts.GraphLink(source=""NoSQL"", target=""SAS""),"
354,NoSQL,Big Data,Directed,2,"opts.GraphNode(name=""Big Data"",symbol_size=2),","opts.GraphLink(source=""NoSQL"", target=""Big Data""),"
355,NoSQL,AWS,Directed,2,"opts.GraphNode(name=""AWS"",symbol_size=2),","opts.GraphLink(source=""NoSQL"", target=""AWS""),"
356,NoSQL,Scala,Directed,2,"opts.GraphNode(name=""Scala"",symbol_size=2),","opts.GraphLink(source=""NoSQL"", target=""Scala""),"
357,NoSQL,NoSQL,Directed,10,"opts.GraphNode(name=""NoSQL"",symbol_size=10),","opts.GraphLink(source=""NoSQL"", target=""NoSQL""),"
358,NoSQL,Oracle,Directed,2,"opts.GraphNode(name=""Oracle"",symbol_size=2),","opts.GraphLink(source=""NoSQL"", target=""Oracle""),"
359,NoSQL,Kafka,Directed,2,"opts.GraphNode(name=""Kafka"",symbol_size=2),","opts.GraphLink(source=""NoSQL"", target=""Kafka""),"
360,NoSQL,Azure,Directed,2,"opts.GraphNode(name=""Azure"",symbol_size=2),","opts.GraphLink(source=""NoSQL"", target=""Azure""),"
361,NoSQL,MATLAB,Directed,2,"opts.GraphNode(name=""MATLAB"",symbol_size=2),","opts.GraphLink(source=""NoSQL"", target=""MATLAB""),"
362,NoSQL,Excel,Directed,4,"opts.GraphNode(name=""Excel"",symbol_size=4),","opts.GraphLink(source=""NoSQL"", target=""Excel""),"
363,NoSQL,MySQL,Directed,2,"opts.GraphNode(name=""MySQL"",symbol_size=2),","opts.GraphLink(source=""NoSQL"", target=""MySQL""),"
364,C/C++,Python,Directed,4,"opts.GraphNode(name=""Python"",symbol_size=4),","opts.GraphLink(source=""C/C++"", target=""Python""),"
365,C/C++,SQL,Directed,4,"opts.GraphNode(name=""SQL"",symbol_size=4),","opts.GraphLink(source=""C/C++"", target=""SQL""),"
366,C/C++,R,Directed,2,"opts.GraphNode(name=""R"",symbol_size=2),","opts.GraphLink(source=""C/C++"", target=""R""),"
367,C/C++,Java,Directed,2,"opts.GraphNode(name=""Java"",symbol_size=2),","opts.GraphLink(source=""C/C++"", target=""Java""),"
368,C/C++,C/C++,Directed,4,"opts.GraphNode(name=""C/C++"",symbol_size=4),","opts.GraphLink(source=""C/C++"", target=""C/C++""),"
369,C/C++,AI,Directed,2,"opts.GraphNode(name=""AI"",symbol_size=2),","opts.GraphLink(source=""C/C++"", target=""AI""),"
370,C/C++,Excel,Directed,4,"opts.GraphNode(name=""Excel"",symbol_size=4),","opts.GraphLink(source=""C/C++"", target=""Excel""),"
371,Natural Language Processing,Machine Learning,Directed,2,"opts.GraphNode(name=""Machine Learning"",symbol_size=2),","opts.GraphLink(source=""Natural Language Processing"", target=""Machine Learning""),"
372,Natural Language Processing,R,Directed,2,"opts.GraphNode(name=""R"",symbol_size=2),","opts.GraphLink(source=""Natural Language Processing"", target=""R""),"
373,Natural Language Processing,Tableau,Directed,2,"opts.GraphNode(name=""Tableau"",symbol_size=2),","opts.GraphLink(source=""Natural Language Processing"", target=""Tableau""),"
374,Natural Language Processing,AWS,Directed,2,"opts.GraphNode(name=""AWS"",symbol_size=2),","opts.GraphLink(source=""Natural Language Processing"", target=""AWS""),"
375,Natural Language Processing,Natural Language Processing,Directed,2,"opts.GraphNode(name=""Natural Language Processing"",symbol_size=2),","opts.GraphLink(source=""Natural Language Processing"", target=""Natural Language Processing""),"
376,Natural Language Processing,AI,Directed,2,"opts.GraphNode(name=""AI"",symbol_size=2),","opts.GraphLink(source=""Natural Language Processing"", target=""AI""),"
377,Natural Language Processing,Excel,Directed,2,"opts.GraphNode(name=""Excel"",symbol_size=2),","opts.GraphLink(source=""Natural Language Processing"", target=""Excel""),"
378,Oracle,Python,Directed,32,"opts.GraphNode(name=""Python"",symbol_size=32),","opts.GraphLink(source=""Oracle"", target=""Python""),"
379,Oracle,SQL,Directed,84,"opts.GraphNode(name=""SQL"",symbol_size=84),","opts.GraphLink(source=""Oracle"", target=""SQL""),"
380,Oracle,R,Directed,104,"opts.GraphNode(name=""R"",symbol_size=104),","opts.GraphLink(source=""Oracle"", target=""R""),"
381,Oracle,Spark,Directed,2,"opts.GraphNode(name=""Spark"",symbol_size=2),","opts.GraphLink(source=""Oracle"", target=""Spark""),"
382,Oracle,Java,Directed,24,"opts.GraphNode(name=""Java"",symbol_size=24),","opts.GraphLink(source=""Oracle"", target=""Java""),"
383,Oracle,Tableau,Directed,50,"opts.GraphNode(name=""Tableau"",symbol_size=50),","opts.GraphLink(source=""Oracle"", target=""Tableau""),"
384,Oracle,SAS,Directed,16,"opts.GraphNode(name=""SAS"",symbol_size=16),","opts.GraphLink(source=""Oracle"", target=""SAS""),"
385,Oracle,Big Data,Directed,6,"opts.GraphNode(name=""Big Data"",symbol_size=6),","opts.GraphLink(source=""Oracle"", target=""Big Data""),"
386,Oracle,AWS,Directed,2,"opts.GraphNode(name=""AWS"",symbol_size=2),","opts.GraphLink(source=""Oracle"", target=""AWS""),"
387,Oracle,Scala,Directed,2,"opts.GraphNode(name=""Scala"",symbol_size=2),","opts.GraphLink(source=""Oracle"", target=""Scala""),"
388,Oracle,NoSQL,Directed,2,"opts.GraphNode(name=""NoSQL"",symbol_size=2),","opts.GraphLink(source=""Oracle"", target=""NoSQL""),"
389,Oracle,Oracle,Directed,110,"opts.GraphNode(name=""Oracle"",symbol_size=110),","opts.GraphLink(source=""Oracle"", target=""Oracle""),"
390,Oracle,Data Warehouse,Directed,2,"opts.GraphNode(name=""Data Warehouse"",symbol_size=2),","opts.GraphLink(source=""Oracle"", target=""Data Warehouse""),"
391,Oracle,Linux,Directed,2,"opts.GraphNode(name=""Linux"",symbol_size=2),","opts.GraphLink(source=""Oracle"", target=""Linux""),"
392,Oracle,AI,Directed,12,"opts.GraphNode(name=""AI"",symbol_size=12),","opts.GraphLink(source=""Oracle"", target=""AI""),"
393,Oracle,Microsoft SQL Server,Directed,8,"opts.GraphNode(name=""Microsoft SQL Server"",symbol_size=8),","opts.GraphLink(source=""Oracle"", target=""Microsoft SQL Server""),"
395,Oracle,Azure,Directed,6,"opts.GraphNode(name=""Azure"",symbol_size=6),","opts.GraphLink(source=""Oracle"", target=""Azure""),"
396,Oracle,MATLAB,Directed,2,"opts.GraphNode(name=""MATLAB"",symbol_size=2),","opts.GraphLink(source=""Oracle"", target=""MATLAB""),"
397,Oracle,Microsoft Office,Directed,10,"opts.GraphNode(name=""Microsoft Office"",symbol_size=10),","opts.GraphLink(source=""Oracle"", target=""Microsoft Office""),"
398,Oracle,Scripting,Directed,2,"opts.GraphNode(name=""Scripting"",symbol_size=2),","opts.GraphLink(source=""Oracle"", target=""Scripting""),"
399,Oracle,Git,Directed,2,"opts.GraphNode(name=""Git"",symbol_size=2),","opts.GraphLink(source=""Oracle"", target=""Git""),"
400,Oracle,Excel,Directed,90,"opts.GraphNode(name=""Excel"",symbol_size=90),","opts.GraphLink(source=""Oracle"", target=""Excel""),"
401,Oracle,JavaScript,Directed,10,"opts.GraphNode(name=""JavaScript"",symbol_size=10),","opts.GraphLink(source=""Oracle"", target=""JavaScript""),"
402,Oracle,PostgreSQL,Directed,4,"opts.GraphNode(name=""PostgreSQL"",symbol_size=4),","opts.GraphLink(source=""Oracle"", target=""PostgreSQL""),"
403,Oracle,MySQL,Directed,20,"opts.GraphNode(name=""MySQL"",symbol_size=20),","opts.GraphLink(source=""Oracle"", target=""MySQL""),"
404,Oracle,Perl,Directed,4,"opts.GraphNode(name=""Perl"",symbol_size=4),","opts.GraphLink(source=""Oracle"", target=""Perl""),"
405,Data Warehouse,Python,Directed,10,"opts.GraphNode(name=""Python"",symbol_size=10),","opts.GraphLink(source=""Data Warehouse"", target=""Python""),"
406,Data Warehouse,SQL,Directed,28,"opts.GraphNode(name=""SQL"",symbol_size=28),","opts.GraphLink(source=""Data Warehouse"", target=""SQL""),"
407,Data Warehouse,Machine Learning,Directed,2,"opts.GraphNode(name=""Machine Learning"",symbol_size=2),","opts.GraphLink(source=""Data Warehouse"", target=""Machine Learning""),"
408,Data Warehouse,R,Directed,26,"opts.GraphNode(name=""R"",symbol_size=26),","opts.GraphLink(source=""Data Warehouse"", target=""R""),"
409,Data Warehouse,Hadoop,Directed,2,"opts.GraphNode(name=""Hadoop"",symbol_size=2),","opts.GraphLink(source=""Data Warehouse"", target=""Hadoop""),"
410,Data Warehouse,Spark,Directed,4,"opts.GraphNode(name=""Spark"",symbol_size=4),","opts.GraphLink(source=""Data Warehouse"", target=""Spark""),"
411,Data Warehouse,Java,Directed,6,"opts.GraphNode(name=""Java"",symbol_size=6),","opts.GraphLink(source=""Data Warehouse"", target=""Java""),"
412,Data Warehouse,Tableau,Directed,16,"opts.GraphNode(name=""Tableau"",symbol_size=16),","opts.GraphLink(source=""Data Warehouse"", target=""Tableau""),"
413,Data Warehouse,Hive,Directed,2,"opts.GraphNode(name=""Hive"",symbol_size=2),","opts.GraphLink(source=""Data Warehouse"", target=""Hive""),"
414,Data Warehouse,SAS,Directed,2,"opts.GraphNode(name=""SAS"",symbol_size=2),","opts.GraphLink(source=""Data Warehouse"", target=""SAS""),"
415,Data Warehouse,Big Data,Directed,4,"opts.GraphNode(name=""Big Data"",symbol_size=4),","opts.GraphLink(source=""Data Warehouse"", target=""Big Data""),"
416,Data Warehouse,AWS,Directed,2,"opts.GraphNode(name=""AWS"",symbol_size=2),","opts.GraphLink(source=""Data Warehouse"", target=""AWS""),"
417,Data Warehouse,Oracle,Directed,2,"opts.GraphNode(name=""Oracle"",symbol_size=2),","opts.GraphLink(source=""Data Warehouse"", target=""Oracle""),"
418,Data Warehouse,Data Warehouse,Directed,28,"opts.GraphNode(name=""Data Warehouse"",symbol_size=28),","opts.GraphLink(source=""Data Warehouse"", target=""Data Warehouse""),"
419,Data Warehouse,Linux,Directed,4,"opts.GraphNode(name=""Linux"",symbol_size=4),","opts.GraphLink(source=""Data Warehouse"", target=""Linux""),"
420,Data Warehouse,AI,Directed,2,"opts.GraphNode(name=""AI"",symbol_size=2),","opts.GraphLink(source=""Data Warehouse"", target=""AI""),"
421,Data Warehouse,Microsoft SQL Server,Directed,2,"opts.GraphNode(name=""Microsoft SQL Server"",symbol_size=2),","opts.GraphLink(source=""Data Warehouse"", target=""Microsoft SQL Server""),"
422,Data Warehouse,Scripting,Directed,2,"opts.GraphNode(name=""Scripting"",symbol_size=2),","opts.GraphLink(source=""Data Warehouse"", target=""Scripting""),"
423,Data Warehouse,Excel,Directed,18,"opts.GraphNode(name=""Excel"",symbol_size=18),","opts.GraphLink(source=""Data Warehouse"", target=""Excel""),"
424,Data Warehouse,JavaScript,Directed,2,"opts.GraphNode(name=""JavaScript"",symbol_size=2),","opts.GraphLink(source=""Data Warehouse"", target=""JavaScript""),"
425,Linux,Python,Directed,16,"opts.GraphNode(name=""Python"",symbol_size=16),","opts.GraphLink(source=""Linux"", target=""Python""),"
426,Linux,SQL,Directed,16,"opts.GraphNode(name=""SQL"",symbol_size=16),","opts.GraphLink(source=""Linux"", target=""SQL""),"
427,Linux,R,Directed,20,"opts.GraphNode(name=""R"",symbol_size=20),","opts.GraphLink(source=""Linux"", target=""R""),"
428,Linux,Hadoop,Directed,4,"opts.GraphNode(name=""Hadoop"",symbol_size=4),","opts.GraphLink(source=""Linux"", target=""Hadoop""),"
429,Linux,Spark,Directed,6,"opts.GraphNode(name=""Spark"",symbol_size=6),","opts.GraphLink(source=""Linux"", target=""Spark""),"
430,Linux,Java,Directed,8,"opts.GraphNode(name=""Java"",symbol_size=8),","opts.GraphLink(source=""Linux"", target=""Java""),"
431,Linux,Tableau,Directed,16,"opts.GraphNode(name=""Tableau"",symbol_size=16),","opts.GraphLink(source=""Linux"", target=""Tableau""),"
432,Linux,Hive,Directed,2,"opts.GraphNode(name=""Hive"",symbol_size=2),","opts.GraphLink(source=""Linux"", target=""Hive""),"
433,Linux,SAS,Directed,2,"opts.GraphNode(name=""SAS"",symbol_size=2),","opts.GraphLink(source=""Linux"", target=""SAS""),"
434,Linux,Big Data,Directed,6,"opts.GraphNode(name=""Big Data"",symbol_size=6),","opts.GraphLink(source=""Linux"", target=""Big Data""),"
435,Linux,AWS,Directed,4,"opts.GraphNode(name=""AWS"",symbol_size=4),","opts.GraphLink(source=""Linux"", target=""AWS""),"
436,Linux,Oracle,Directed,2,"opts.GraphNode(name=""Oracle"",symbol_size=2),","opts.GraphLink(source=""Linux"", target=""Oracle""),"
437,Linux,Data Warehouse,Directed,4,"opts.GraphNode(name=""Data Warehouse"",symbol_size=4),","opts.GraphLink(source=""Linux"", target=""Data Warehouse""),"
438,Linux,Linux,Directed,22,"opts.GraphNode(name=""Linux"",symbol_size=22),","opts.GraphLink(source=""Linux"", target=""Linux""),"
439,Linux,Microsoft Office,Directed,2,"opts.GraphNode(name=""Microsoft Office"",symbol_size=2),","opts.GraphLink(source=""Linux"", target=""Microsoft Office""),"
440,Linux,Excel,Directed,12,"opts.GraphNode(name=""Excel"",symbol_size=12),","opts.GraphLink(source=""Linux"", target=""Excel""),"
441,Linux,JavaScript,Directed,2,"opts.GraphNode(name=""JavaScript"",symbol_size=2),","opts.GraphLink(source=""Linux"", target=""JavaScript""),"
442,Linux,Perl,Directed,2,"opts.GraphNode(name=""Perl"",symbol_size=2),","opts.GraphLink(source=""Linux"", target=""Perl""),"
443,AI,Python,Directed,32,"opts.GraphNode(name=""Python"",symbol_size=32),","opts.GraphLink(source=""AI"", target=""Python""),"
444,AI,SQL,Directed,68,"opts.GraphNode(name=""SQL"",symbol_size=68),","opts.GraphLink(source=""AI"", target=""SQL""),"
445,AI,Machine Learning,Directed,10,"opts.GraphNode(name=""Machine Learning"",symbol_size=10),","opts.GraphLink(source=""AI"", target=""Machine Learning""),"
446,AI,R,Directed,114,"opts.GraphNode(name=""R"",symbol_size=114),","opts.GraphLink(source=""AI"", target=""R""),"
447,AI,Java,Directed,6,"opts.GraphNode(name=""Java"",symbol_size=6),","opts.GraphLink(source=""AI"", target=""Java""),"
448,AI,Tableau,Directed,34,"opts.GraphNode(name=""Tableau"",symbol_size=34),","opts.GraphLink(source=""AI"", target=""Tableau""),"
449,AI,SAS,Directed,18,"opts.GraphNode(name=""SAS"",symbol_size=18),","opts.GraphLink(source=""AI"", target=""SAS""),"
450,AI,Big Data,Directed,4,"opts.GraphNode(name=""Big Data"",symbol_size=4),","opts.GraphLink(source=""AI"", target=""Big Data""),"
451,AI,AWS,Directed,6,"opts.GraphNode(name=""AWS"",symbol_size=6),","opts.GraphLink(source=""AI"", target=""AWS""),"
452,AI,C/C++,Directed,2,"opts.GraphNode(name=""C/C++"",symbol_size=2),","opts.GraphLink(source=""AI"", target=""C/C++""),"
453,AI,Natural Language Processing,Directed,2,"opts.GraphNode(name=""Natural Language Processing"",symbol_size=2),","opts.GraphLink(source=""AI"", target=""Natural Language Processing""),"
454,AI,Oracle,Directed,12,"opts.GraphNode(name=""Oracle"",symbol_size=12),","opts.GraphLink(source=""AI"", target=""Oracle""),"
455,AI,Data Warehouse,Directed,2,"opts.GraphNode(name=""Data Warehouse"",symbol_size=2),","opts.GraphLink(source=""AI"", target=""Data Warehouse""),"
456,AI,AI,Directed,122,"opts.GraphNode(name=""AI"",symbol_size=122),","opts.GraphLink(source=""AI"", target=""AI""),"
457,AI,TensorFlow,Directed,2,"opts.GraphNode(name=""TensorFlow"",symbol_size=2),","opts.GraphLink(source=""AI"", target=""TensorFlow""),"
459,AI,MATLAB,Directed,2,"opts.GraphNode(name=""MATLAB"",symbol_size=2),","opts.GraphLink(source=""AI"", target=""MATLAB""),"
460,AI,Microsoft Office,Directed,10,"opts.GraphNode(name=""Microsoft Office"",symbol_size=10),","opts.GraphLink(source=""AI"", target=""Microsoft Office""),"
461,AI,Excel,Directed,72,"opts.GraphNode(name=""Excel"",symbol_size=72),","opts.GraphLink(source=""AI"", target=""Excel""),"
462,AI,JavaScript,Directed,4,"opts.GraphNode(name=""JavaScript"",symbol_size=4),","opts.GraphLink(source=""AI"", target=""JavaScript""),"
463,AI,PostgreSQL,Directed,2,"opts.GraphNode(name=""PostgreSQL"",symbol_size=2),","opts.GraphLink(source=""AI"", target=""PostgreSQL""),"
464,AI,MySQL,Directed,2,"opts.GraphNode(name=""MySQL"",symbol_size=2),","opts.GraphLink(source=""AI"", target=""MySQL""),"
465,Microsoft SQL Server,Python,Directed,12,"opts.GraphNode(name=""Python"",symbol_size=12),","opts.GraphLink(source=""Microsoft SQL Server"", target=""Python""),"
466,Microsoft SQL Server,SQL,Directed,14,"opts.GraphNode(name=""SQL"",symbol_size=14),","opts.GraphLink(source=""Microsoft SQL Server"", target=""SQL""),"
467,Microsoft SQL Server,R,Directed,14,"opts.GraphNode(name=""R"",symbol_size=14),","opts.GraphLink(source=""Microsoft SQL Server"", target=""R""),"
468,Microsoft SQL Server,Tableau,Directed,10,"opts.GraphNode(name=""Tableau"",symbol_size=10),","opts.GraphLink(source=""Microsoft SQL Server"", target=""Tableau""),"
469,Microsoft SQL Server,SAS,Directed,2,"opts.GraphNode(name=""SAS"",symbol_size=2),","opts.GraphLink(source=""Microsoft SQL Server"", target=""SAS""),"
470,Microsoft SQL Server,Oracle,Directed,8,"opts.GraphNode(name=""Oracle"",symbol_size=8),","opts.GraphLink(source=""Microsoft SQL Server"", target=""Oracle""),"
471,Microsoft SQL Server,Data Warehouse,Directed,2,"opts.GraphNode(name=""Data Warehouse"",symbol_size=2),","opts.GraphLink(source=""Microsoft SQL Server"", target=""Data Warehouse""),"
472,Microsoft SQL Server,Microsoft SQL Server,Directed,14,"opts.GraphNode(name=""Microsoft SQL Server"",symbol_size=14),","opts.GraphLink(source=""Microsoft SQL Server"", target=""Microsoft SQL Server""),"
473,Microsoft SQL Server,Microsoft Office,Directed,4,"opts.GraphNode(name=""Microsoft Office"",symbol_size=4),","opts.GraphLink(source=""Microsoft SQL Server"", target=""Microsoft Office""),"
474,Microsoft SQL Server,Scripting,Directed,2,"opts.GraphNode(name=""Scripting"",symbol_size=2),","opts.GraphLink(source=""Microsoft SQL Server"", target=""Scripting""),"
475,Microsoft SQL Server,Excel,Directed,12,"opts.GraphNode(name=""Excel"",symbol_size=12),","opts.GraphLink(source=""Microsoft SQL Server"", target=""Excel""),"
476,Microsoft SQL Server,MySQL,Directed,4,"opts.GraphNode(name=""MySQL"",symbol_size=4),","opts.GraphLink(source=""Microsoft SQL Server"", target=""MySQL""),"
477,TensorFlow,Python,Directed,4,"opts.GraphNode(name=""Python"",symbol_size=4),","opts.GraphLink(source=""TensorFlow"", target=""Python""),"
478,TensorFlow,SQL,Directed,2,"opts.GraphNode(name=""SQL"",symbol_size=2),","opts.GraphLink(source=""TensorFlow"", target=""SQL""),"
479,TensorFlow,Machine Learning,Directed,2,"opts.GraphNode(name=""Machine Learning"",symbol_size=2),","opts.GraphLink(source=""TensorFlow"", target=""Machine Learning""),"
480,TensorFlow,R,Directed,4,"opts.GraphNode(name=""R"",symbol_size=4),","opts.GraphLink(source=""TensorFlow"", target=""R""),"
481,TensorFlow,Spark,Directed,2,"opts.GraphNode(name=""Spark"",symbol_size=2),","opts.GraphLink(source=""TensorFlow"", target=""Spark""),"
482,TensorFlow,SAS,Directed,2,"opts.GraphNode(name=""SAS"",symbol_size=2),","opts.GraphLink(source=""TensorFlow"", target=""SAS""),"
483,TensorFlow,AI,Directed,2,"opts.GraphNode(name=""AI"",symbol_size=2),","opts.GraphLink(source=""TensorFlow"", target=""AI""),"
484,TensorFlow,TensorFlow,Directed,4,"opts.GraphNode(name=""TensorFlow"",symbol_size=4),","opts.GraphLink(source=""TensorFlow"", target=""TensorFlow""),"
485,TensorFlow,MySQL,Directed,2,"opts.GraphNode(name=""MySQL"",symbol_size=2),","opts.GraphLink(source=""TensorFlow"", target=""MySQL""),"
486,Kafka,Python,Directed,2,"opts.GraphNode(name=""Python"",symbol_size=2),","opts.GraphLink(source=""Kafka"", target=""Python""),"
487,Kafka,SQL,Directed,2,"opts.GraphNode(name=""SQL"",symbol_size=2),","opts.GraphLink(source=""Kafka"", target=""SQL""),"
488,Kafka,R,Directed,2,"opts.GraphNode(name=""R"",symbol_size=2),","opts.GraphLink(source=""Kafka"", target=""R""),"
489,Kafka,Hadoop,Directed,2,"opts.GraphNode(name=""Hadoop"",symbol_size=2),","opts.GraphLink(source=""Kafka"", target=""Hadoop""),"
490,Kafka,Spark,Directed,2,"opts.GraphNode(name=""Spark"",symbol_size=2),","opts.GraphLink(source=""Kafka"", target=""Spark""),"
491,Kafka,Tableau,Directed,2,"opts.GraphNode(name=""Tableau"",symbol_size=2),","opts.GraphLink(source=""Kafka"", target=""Tableau""),"
492,Kafka,Hive,Directed,2,"opts.GraphNode(name=""Hive"",symbol_size=2),","opts.GraphLink(source=""Kafka"", target=""Hive""),"
493,Kafka,NoSQL,Directed,2,"opts.GraphNode(name=""NoSQL"",symbol_size=2),","opts.GraphLink(source=""Kafka"", target=""NoSQL""),"
494,Kafka,Kafka,Directed,2,"opts.GraphNode(name=""Kafka"",symbol_size=2),","opts.GraphLink(source=""Kafka"", target=""Kafka""),"
495,Kafka,Excel,Directed,2,"opts.GraphNode(name=""Excel"",symbol_size=2),","opts.GraphLink(source=""Kafka"", target=""Excel""),"
512,Azure,Python,Directed,10,"opts.GraphNode(name=""Python"",symbol_size=10),","opts.GraphLink(source=""Azure"", target=""Python""),"
513,Azure,SQL,Directed,14,"opts.GraphNode(name=""SQL"",symbol_size=14),","opts.GraphLink(source=""Azure"", target=""SQL""),"
514,Azure,Machine Learning,Directed,2,"opts.GraphNode(name=""Machine Learning"",symbol_size=2),","opts.GraphLink(source=""Azure"", target=""Machine Learning""),"
515,Azure,R,Directed,24,"opts.GraphNode(name=""R"",symbol_size=24),","opts.GraphLink(source=""Azure"", target=""R""),"
516,Azure,Hadoop,Directed,2,"opts.GraphNode(name=""Hadoop"",symbol_size=2),","opts.GraphLink(source=""Azure"", target=""Hadoop""),"
517,Azure,Spark,Directed,4,"opts.GraphNode(name=""Spark"",symbol_size=4),","opts.GraphLink(source=""Azure"", target=""Spark""),"
518,Azure,Java,Directed,8,"opts.GraphNode(name=""Java"",symbol_size=8),","opts.GraphLink(source=""Azure"", target=""Java""),"
519,Azure,Tableau,Directed,8,"opts.GraphNode(name=""Tableau"",symbol_size=8),","opts.GraphLink(source=""Azure"", target=""Tableau""),"
520,Azure,Big Data,Directed,8,"opts.GraphNode(name=""Big Data"",symbol_size=8),","opts.GraphLink(source=""Azure"", target=""Big Data""),"
521,Azure,AWS,Directed,6,"opts.GraphNode(name=""AWS"",symbol_size=6),","opts.GraphLink(source=""Azure"", target=""AWS""),"
522,Azure,Scala,Directed,4,"opts.GraphNode(name=""Scala"",symbol_size=4),","opts.GraphLink(source=""Azure"", target=""Scala""),"
523,Azure,NoSQL,Directed,2,"opts.GraphNode(name=""NoSQL"",symbol_size=2),","opts.GraphLink(source=""Azure"", target=""NoSQL""),"
524,Azure,Oracle,Directed,6,"opts.GraphNode(name=""Oracle"",symbol_size=6),","opts.GraphLink(source=""Azure"", target=""Oracle""),"
525,Azure,Azure,Directed,24,"opts.GraphNode(name=""Azure"",symbol_size=24),","opts.GraphLink(source=""Azure"", target=""Azure""),"
526,Azure,Excel,Directed,12,"opts.GraphNode(name=""Excel"",symbol_size=12),","opts.GraphLink(source=""Azure"", target=""Excel""),"
527,Azure,JavaScript,Directed,2,"opts.GraphNode(name=""JavaScript"",symbol_size=2),","opts.GraphLink(source=""Azure"", target=""JavaScript""),"
528,Azure,HBase,Directed,2,"opts.GraphNode(name=""HBase"",symbol_size=2),","opts.GraphLink(source=""Azure"", target=""HBase""),"
529,Azure,MySQL,Directed,2,"opts.GraphNode(name=""MySQL"",symbol_size=2),","opts.GraphLink(source=""Azure"", target=""MySQL""),"
530,Azure,Perl,Directed,2,"opts.GraphNode(name=""Perl"",symbol_size=2),","opts.GraphLink(source=""Azure"", target=""Perl""),"
531,MATLAB,Python,Directed,8,"opts.GraphNode(name=""Python"",symbol_size=8),","opts.GraphLink(source=""MATLAB"", target=""Python""),"
532,MATLAB,SQL,Directed,10,"opts.GraphNode(name=""SQL"",symbol_size=10),","opts.GraphLink(source=""MATLAB"", target=""SQL""),"
533,MATLAB,Machine Learning,Directed,6,"opts.GraphNode(name=""Machine Learning"",symbol_size=6),","opts.GraphLink(source=""MATLAB"", target=""Machine Learning""),"
534,MATLAB,R,Directed,14,"opts.GraphNode(name=""R"",symbol_size=14),","opts.GraphLink(source=""MATLAB"", target=""R""),"
535,MATLAB,Spark,Directed,4,"opts.GraphNode(name=""Spark"",symbol_size=4),","opts.GraphLink(source=""MATLAB"", target=""Spark""),"
536,MATLAB,Tableau,Directed,2,"opts.GraphNode(name=""Tableau"",symbol_size=2),","opts.GraphLink(source=""MATLAB"", target=""Tableau""),"
537,MATLAB,SAS,Directed,12,"opts.GraphNode(name=""SAS"",symbol_size=12),","opts.GraphLink(source=""MATLAB"", target=""SAS""),"
538,MATLAB,Big Data,Directed,2,"opts.GraphNode(name=""Big Data"",symbol_size=2),","opts.GraphLink(source=""MATLAB"", target=""Big Data""),"
539,MATLAB,Scala,Directed,4,"opts.GraphNode(name=""Scala"",symbol_size=4),","opts.GraphLink(source=""MATLAB"", target=""Scala""),"
540,MATLAB,NoSQL,Directed,2,"opts.GraphNode(name=""NoSQL"",symbol_size=2),","opts.GraphLink(source=""MATLAB"", target=""NoSQL""),"
541,MATLAB,Oracle,Directed,2,"opts.GraphNode(name=""Oracle"",symbol_size=2),","opts.GraphLink(source=""MATLAB"", target=""Oracle""),"
542,MATLAB,AI,Directed,2,"opts.GraphNode(name=""AI"",symbol_size=2),","opts.GraphLink(source=""MATLAB"", target=""AI""),"
544,MATLAB,MATLAB,Directed,14,"opts.GraphNode(name=""MATLAB"",symbol_size=14),","opts.GraphLink(source=""MATLAB"", target=""MATLAB""),"
545,MATLAB,Microsoft Office,Directed,2,"opts.GraphNode(name=""Microsoft Office"",symbol_size=2),","opts.GraphLink(source=""MATLAB"", target=""Microsoft Office""),"
546,MATLAB,Excel,Directed,4,"opts.GraphNode(name=""Excel"",symbol_size=4),","opts.GraphLink(source=""MATLAB"", target=""Excel""),"
547,Microsoft Office,Python,Directed,38,"opts.GraphNode(name=""Python"",symbol_size=38),","opts.GraphLink(source=""Microsoft Office"", target=""Python""),"
548,Microsoft Office,SQL,Directed,84,"opts.GraphNode(name=""SQL"",symbol_size=84),","opts.GraphLink(source=""Microsoft Office"", target=""SQL""),"
549,Microsoft Office,R,Directed,162,"opts.GraphNode(name=""R"",symbol_size=162),","opts.GraphLink(source=""Microsoft Office"", target=""R""),"
550,Microsoft Office,Hadoop,Directed,2,"opts.GraphNode(name=""Hadoop"",symbol_size=2),","opts.GraphLink(source=""Microsoft Office"", target=""Hadoop""),"
551,Microsoft Office,Spark,Directed,4,"opts.GraphNode(name=""Spark"",symbol_size=4),","opts.GraphLink(source=""Microsoft Office"", target=""Spark""),"
552,Microsoft Office,Java,Directed,4,"opts.GraphNode(name=""Java"",symbol_size=4),","opts.GraphLink(source=""Microsoft Office"", target=""Java""),"
553,Microsoft Office,Tableau,Directed,52,"opts.GraphNode(name=""Tableau"",symbol_size=52),","opts.GraphLink(source=""Microsoft Office"", target=""Tableau""),"
554,Microsoft Office,SAS,Directed,26,"opts.GraphNode(name=""SAS"",symbol_size=26),","opts.GraphLink(source=""Microsoft Office"", target=""SAS""),"
555,Microsoft Office,Oracle,Directed,10,"opts.GraphNode(name=""Oracle"",symbol_size=10),","opts.GraphLink(source=""Microsoft Office"", target=""Oracle""),"
556,Microsoft Office,Linux,Directed,2,"opts.GraphNode(name=""Linux"",symbol_size=2),","opts.GraphLink(source=""Microsoft Office"", target=""Linux""),"
557,Microsoft Office,AI,Directed,10,"opts.GraphNode(name=""AI"",symbol_size=10),","opts.GraphLink(source=""Microsoft Office"", target=""AI""),"
558,Microsoft Office,Microsoft SQL Server,Directed,4,"opts.GraphNode(name=""Microsoft SQL Server"",symbol_size=4),","opts.GraphLink(source=""Microsoft Office"", target=""Microsoft SQL Server""),"
560,Microsoft Office,MATLAB,Directed,2,"opts.GraphNode(name=""MATLAB"",symbol_size=2),","opts.GraphLink(source=""Microsoft Office"", target=""MATLAB""),"
561,Microsoft Office,Microsoft Office,Directed,174,"opts.GraphNode(name=""Microsoft Office"",symbol_size=174),","opts.GraphLink(source=""Microsoft Office"", target=""Microsoft Office""),"
562,Microsoft Office,Excel,Directed,168,"opts.GraphNode(name=""Excel"",symbol_size=168),","opts.GraphLink(source=""Microsoft Office"", target=""Excel""),"
563,Microsoft Office,MySQL,Directed,2,"opts.GraphNode(name=""MySQL"",symbol_size=2),","opts.GraphLink(source=""Microsoft Office"", target=""MySQL""),"
564,Scripting,Python,Directed,6,"opts.GraphNode(name=""Python"",symbol_size=6),","opts.GraphLink(source=""Scripting"", target=""Python""),"
565,Scripting,SQL,Directed,4,"opts.GraphNode(name=""SQL"",symbol_size=4),","opts.GraphLink(source=""Scripting"", target=""SQL""),"
566,Scripting,R,Directed,8,"opts.GraphNode(name=""R"",symbol_size=8),","opts.GraphLink(source=""Scripting"", target=""R""),"
567,Scripting,Tableau,Directed,4,"opts.GraphNode(name=""Tableau"",symbol_size=4),","opts.GraphLink(source=""Scripting"", target=""Tableau""),"
568,Scripting,SAS,Directed,6,"opts.GraphNode(name=""SAS"",symbol_size=6),","opts.GraphLink(source=""Scripting"", target=""SAS""),"
569,Scripting,Oracle,Directed,2,"opts.GraphNode(name=""Oracle"",symbol_size=2),","opts.GraphLink(source=""Scripting"", target=""Oracle""),"
570,Scripting,Data Warehouse,Directed,2,"opts.GraphNode(name=""Data Warehouse"",symbol_size=2),","opts.GraphLink(source=""Scripting"", target=""Data Warehouse""),"
571,Scripting,Microsoft SQL Server,Directed,2,"opts.GraphNode(name=""Microsoft SQL Server"",symbol_size=2),","opts.GraphLink(source=""Scripting"", target=""Microsoft SQL Server""),"
572,Scripting,Scripting,Directed,8,"opts.GraphNode(name=""Scripting"",symbol_size=8),","opts.GraphLink(source=""Scripting"", target=""Scripting""),"
573,Git,Python,Directed,10,"opts.GraphNode(name=""Python"",symbol_size=10),","opts.GraphLink(source=""Git"", target=""Python""),"
574,Git,SQL,Directed,10,"opts.GraphNode(name=""SQL"",symbol_size=10),","opts.GraphLink(source=""Git"", target=""SQL""),"
575,Git,R,Directed,18,"opts.GraphNode(name=""R"",symbol_size=18),","opts.GraphLink(source=""Git"", target=""R""),"
576,Git,Java,Directed,6,"opts.GraphNode(name=""Java"",symbol_size=6),","opts.GraphLink(source=""Git"", target=""Java""),"
577,Git,Tableau,Directed,2,"opts.GraphNode(name=""Tableau"",symbol_size=2),","opts.GraphLink(source=""Git"", target=""Tableau""),"
578,Git,Oracle,Directed,2,"opts.GraphNode(name=""Oracle"",symbol_size=2),","opts.GraphLink(source=""Git"", target=""Oracle""),"
579,Git,Git,Directed,18,"opts.GraphNode(name=""Git"",symbol_size=18),","opts.GraphLink(source=""Git"", target=""Git""),"
580,Git,Excel,Directed,10,"opts.GraphNode(name=""Excel"",symbol_size=10),","opts.GraphLink(source=""Git"", target=""Excel""),"
581,Git,JavaScript,Directed,4,"opts.GraphNode(name=""JavaScript"",symbol_size=4),","opts.GraphLink(source=""Git"", target=""JavaScript""),"
582,Git,Perl,Directed,2,"opts.GraphNode(name=""Perl"",symbol_size=2),","opts.GraphLink(source=""Git"", target=""Perl""),"
583,Excel,Python,Directed,264,"opts.GraphNode(name=""Python"",symbol_size=264),","opts.GraphLink(source=""Excel"", target=""Python""),"
584,Excel,SQL,Directed,562,"opts.GraphNode(name=""SQL"",symbol_size=562),","opts.GraphLink(source=""Excel"", target=""SQL""),"
585,Excel,Machine Learning,Directed,12,"opts.GraphNode(name=""Machine Learning"",symbol_size=12),","opts.GraphLink(source=""Excel"", target=""Machine Learning""),"
586,Excel,R,Directed,1098,"opts.GraphNode(name=""R"",symbol_size=1098),","opts.GraphLink(source=""Excel"", target=""R""),"
587,Excel,Hadoop,Directed,12,"opts.GraphNode(name=""Hadoop"",symbol_size=12),","opts.GraphLink(source=""Excel"", target=""Hadoop""),"
588,Excel,Spark,Directed,10,"opts.GraphNode(name=""Spark"",symbol_size=10),","opts.GraphLink(source=""Excel"", target=""Spark""),"
589,Excel,Java,Directed,60,"opts.GraphNode(name=""Java"",symbol_size=60),","opts.GraphLink(source=""Excel"", target=""Java""),"
590,Excel,Tableau,Directed,358,"opts.GraphNode(name=""Tableau"",symbol_size=358),","opts.GraphLink(source=""Excel"", target=""Tableau""),"
591,Excel,Hive,Directed,6,"opts.GraphNode(name=""Hive"",symbol_size=6),","opts.GraphLink(source=""Excel"", target=""Hive""),"
592,Excel,SAS,Directed,134,"opts.GraphNode(name=""SAS"",symbol_size=134),","opts.GraphLink(source=""Excel"", target=""SAS""),"
593,Excel,Big Data,Directed,8,"opts.GraphNode(name=""Big Data"",symbol_size=8),","opts.GraphLink(source=""Excel"", target=""Big Data""),"
594,Excel,AWS,Directed,20,"opts.GraphNode(name=""AWS"",symbol_size=20),","opts.GraphLink(source=""Excel"", target=""AWS""),"
595,Excel,Scala,Directed,2,"opts.GraphNode(name=""Scala"",symbol_size=2),","opts.GraphLink(source=""Excel"", target=""Scala""),"
596,Excel,NoSQL,Directed,4,"opts.GraphNode(name=""NoSQL"",symbol_size=4),","opts.GraphLink(source=""Excel"", target=""NoSQL""),"
597,Excel,C/C++,Directed,4,"opts.GraphNode(name=""C/C++"",symbol_size=4),","opts.GraphLink(source=""Excel"", target=""C/C++""),"
598,Excel,Natural Language Processing,Directed,2,"opts.GraphNode(name=""Natural Language Processing"",symbol_size=2),","opts.GraphLink(source=""Excel"", target=""Natural Language Processing""),"
599,Excel,Oracle,Directed,90,"opts.GraphNode(name=""Oracle"",symbol_size=90),","opts.GraphLink(source=""Excel"", target=""Oracle""),"
600,Excel,Data Warehouse,Directed,18,"opts.GraphNode(name=""Data Warehouse"",symbol_size=18),","opts.GraphLink(source=""Excel"", target=""Data Warehouse""),"
601,Excel,Linux,Directed,12,"opts.GraphNode(name=""Linux"",symbol_size=12),","opts.GraphLink(source=""Excel"", target=""Linux""),"
602,Excel,AI,Directed,72,"opts.GraphNode(name=""AI"",symbol_size=72),","opts.GraphLink(source=""Excel"", target=""AI""),"
603,Excel,Microsoft SQL Server,Directed,12,"opts.GraphNode(name=""Microsoft SQL Server"",symbol_size=12),","opts.GraphLink(source=""Excel"", target=""Microsoft SQL Server""),"
604,Excel,Kafka,Directed,2,"opts.GraphNode(name=""Kafka"",symbol_size=2),","opts.GraphLink(source=""Excel"", target=""Kafka""),"
606,Excel,Azure,Directed,12,"opts.GraphNode(name=""Azure"",symbol_size=12),","opts.GraphLink(source=""Excel"", target=""Azure""),"
607,Excel,MATLAB,Directed,4,"opts.GraphNode(name=""MATLAB"",symbol_size=4),","opts.GraphLink(source=""Excel"", target=""MATLAB""),"
608,Excel,Microsoft Office,Directed,168,"opts.GraphNode(name=""Microsoft Office"",symbol_size=168),","opts.GraphLink(source=""Excel"", target=""Microsoft Office""),"
609,Excel,Git,Directed,10,"opts.GraphNode(name=""Git"",symbol_size=10),","opts.GraphLink(source=""Excel"", target=""Git""),"
610,Excel,Excel,Directed,1158,"opts.GraphNode(name=""Excel"",symbol_size=1158),","opts.GraphLink(source=""Excel"", target=""Excel""),"
611,Excel,JavaScript,Directed,16,"opts.GraphNode(name=""JavaScript"",symbol_size=16),","opts.GraphLink(source=""Excel"", target=""JavaScript""),"
612,Excel,PostgreSQL,Directed,4,"opts.GraphNode(name=""PostgreSQL"",symbol_size=4),","opts.GraphLink(source=""Excel"", target=""PostgreSQL""),"
613,Excel,MySQL,Directed,16,"opts.GraphNode(name=""MySQL"",symbol_size=16),","opts.GraphLink(source=""Excel"", target=""MySQL""),"
614,Excel,Perl,Directed,32,"opts.GraphNode(name=""Perl"",symbol_size=32),","opts.GraphLink(source=""Excel"", target=""Perl""),"
615,JavaScript,Python,Directed,26,"opts.GraphNode(name=""Python"",symbol_size=26),","opts.GraphLink(source=""JavaScript"", target=""Python""),"
616,JavaScript,SQL,Directed,26,"opts.GraphNode(name=""SQL"",symbol_size=26),","opts.GraphLink(source=""JavaScript"", target=""SQL""),"
617,JavaScript,Machine Learning,Directed,2,"opts.GraphNode(name=""Machine Learning"",symbol_size=2),","opts.GraphLink(source=""JavaScript"", target=""Machine Learning""),"
618,JavaScript,R,Directed,34,"opts.GraphNode(name=""R"",symbol_size=34),","opts.GraphLink(source=""JavaScript"", target=""R""),"
619,JavaScript,Hadoop,Directed,2,"opts.GraphNode(name=""Hadoop"",symbol_size=2),","opts.GraphLink(source=""JavaScript"", target=""Hadoop""),"
620,JavaScript,Spark,Directed,2,"opts.GraphNode(name=""Spark"",symbol_size=2),","opts.GraphLink(source=""JavaScript"", target=""Spark""),"
621,JavaScript,Java,Directed,36,"opts.GraphNode(name=""Java"",symbol_size=36),","opts.GraphLink(source=""JavaScript"", target=""Java""),"
622,JavaScript,Tableau,Directed,22,"opts.GraphNode(name=""Tableau"",symbol_size=22),","opts.GraphLink(source=""JavaScript"", target=""Tableau""),"
623,JavaScript,SAS,Directed,6,"opts.GraphNode(name=""SAS"",symbol_size=6),","opts.GraphLink(source=""JavaScript"", target=""SAS""),"
624,JavaScript,Big Data,Directed,4,"opts.GraphNode(name=""Big Data"",symbol_size=4),","opts.GraphLink(source=""JavaScript"", target=""Big Data""),"
625,JavaScript,Scala,Directed,2,"opts.GraphNode(name=""Scala"",symbol_size=2),","opts.GraphLink(source=""JavaScript"", target=""Scala""),"
626,JavaScript,Oracle,Directed,10,"opts.GraphNode(name=""Oracle"",symbol_size=10),","opts.GraphLink(source=""JavaScript"", target=""Oracle""),"
627,JavaScript,Data Warehouse,Directed,2,"opts.GraphNode(name=""Data Warehouse"",symbol_size=2),","opts.GraphLink(source=""JavaScript"", target=""Data Warehouse""),"
628,JavaScript,Linux,Directed,2,"opts.GraphNode(name=""Linux"",symbol_size=2),","opts.GraphLink(source=""JavaScript"", target=""Linux""),"
629,JavaScript,AI,Directed,4,"opts.GraphNode(name=""AI"",symbol_size=4),","opts.GraphLink(source=""JavaScript"", target=""AI""),"
630,JavaScript,Azure,Directed,2,"opts.GraphNode(name=""Azure"",symbol_size=2),","opts.GraphLink(source=""JavaScript"", target=""Azure""),"
631,JavaScript,Git,Directed,4,"opts.GraphNode(name=""Git"",symbol_size=4),","opts.GraphLink(source=""JavaScript"", target=""Git""),"
632,JavaScript,Excel,Directed,16,"opts.GraphNode(name=""Excel"",symbol_size=16),","opts.GraphLink(source=""JavaScript"", target=""Excel""),"
633,JavaScript,JavaScript,Directed,36,"opts.GraphNode(name=""JavaScript"",symbol_size=36),","opts.GraphLink(source=""JavaScript"", target=""JavaScript""),"
634,JavaScript,MySQL,Directed,4,"opts.GraphNode(name=""MySQL"",symbol_size=4),","opts.GraphLink(source=""JavaScript"", target=""MySQL""),"
635,HBase,Python,Directed,2,"opts.GraphNode(name=""Python"",symbol_size=2),","opts.GraphLink(source=""HBase"", target=""Python""),"
636,HBase,SQL,Directed,2,"opts.GraphNode(name=""SQL"",symbol_size=2),","opts.GraphLink(source=""HBase"", target=""SQL""),"
637,HBase,R,Directed,2,"opts.GraphNode(name=""R"",symbol_size=2),","opts.GraphLink(source=""HBase"", target=""R""),"
638,HBase,Java,Directed,2,"opts.GraphNode(name=""Java"",symbol_size=2),","opts.GraphLink(source=""HBase"", target=""Java""),"
639,HBase,Tableau,Directed,2,"opts.GraphNode(name=""Tableau"",symbol_size=2),","opts.GraphLink(source=""HBase"", target=""Tableau""),"
640,HBase,AWS,Directed,2,"opts.GraphNode(name=""AWS"",symbol_size=2),","opts.GraphLink(source=""HBase"", target=""AWS""),"
641,HBase,Azure,Directed,2,"opts.GraphNode(name=""Azure"",symbol_size=2),","opts.GraphLink(source=""HBase"", target=""Azure""),"
642,HBase,HBase,Directed,2,"opts.GraphNode(name=""HBase"",symbol_size=2),","opts.GraphLink(source=""HBase"", target=""HBase""),"
643,PostgreSQL,Python,Directed,6,"opts.GraphNode(name=""Python"",symbol_size=6),","opts.GraphLink(source=""PostgreSQL"", target=""Python""),"
644,PostgreSQL,SQL,Directed,8,"opts.GraphNode(name=""SQL"",symbol_size=8),","opts.GraphLink(source=""PostgreSQL"", target=""SQL""),"
645,PostgreSQL,R,Directed,8,"opts.GraphNode(name=""R"",symbol_size=8),","opts.GraphLink(source=""PostgreSQL"", target=""R""),"
646,PostgreSQL,Java,Directed,2,"opts.GraphNode(name=""Java"",symbol_size=2),","opts.GraphLink(source=""PostgreSQL"", target=""Java""),"
647,PostgreSQL,Tableau,Directed,6,"opts.GraphNode(name=""Tableau"",symbol_size=6),","opts.GraphLink(source=""PostgreSQL"", target=""Tableau""),"
648,PostgreSQL,SAS,Directed,2,"opts.GraphNode(name=""SAS"",symbol_size=2),","opts.GraphLink(source=""PostgreSQL"", target=""SAS""),"
649,PostgreSQL,AWS,Directed,2,"opts.GraphNode(name=""AWS"",symbol_size=2),","opts.GraphLink(source=""PostgreSQL"", target=""AWS""),"
650,PostgreSQL,Oracle,Directed,4,"opts.GraphNode(name=""Oracle"",symbol_size=4),","opts.GraphLink(source=""PostgreSQL"", target=""Oracle""),"
651,PostgreSQL,AI,Directed,2,"opts.GraphNode(name=""AI"",symbol_size=2),","opts.GraphLink(source=""PostgreSQL"", target=""AI""),"
653,PostgreSQL,Excel,Directed,4,"opts.GraphNode(name=""Excel"",symbol_size=4),","opts.GraphLink(source=""PostgreSQL"", target=""Excel""),"
654,PostgreSQL,PostgreSQL,Directed,8,"opts.GraphNode(name=""PostgreSQL"",symbol_size=8),","opts.GraphLink(source=""PostgreSQL"", target=""PostgreSQL""),"
655,PostgreSQL,MySQL,Directed,6,"opts.GraphNode(name=""MySQL"",symbol_size=6),","opts.GraphLink(source=""PostgreSQL"", target=""MySQL""),"
656,MySQL,Python,Directed,18,"opts.GraphNode(name=""Python"",symbol_size=18),","opts.GraphLink(source=""MySQL"", target=""Python""),"
657,MySQL,SQL,Directed,24,"opts.GraphNode(name=""SQL"",symbol_size=24),","opts.GraphLink(source=""MySQL"", target=""SQL""),"
658,MySQL,Machine Learning,Directed,2,"opts.GraphNode(name=""Machine Learning"",symbol_size=2),","opts.GraphLink(source=""MySQL"", target=""Machine Learning""),"
659,MySQL,R,Directed,22,"opts.GraphNode(name=""R"",symbol_size=22),","opts.GraphLink(source=""MySQL"", target=""R""),"
660,MySQL,Spark,Directed,4,"opts.GraphNode(name=""Spark"",symbol_size=4),","opts.GraphLink(source=""MySQL"", target=""Spark""),"
661,MySQL,Java,Directed,8,"opts.GraphNode(name=""Java"",symbol_size=8),","opts.GraphLink(source=""MySQL"", target=""Java""),"
662,MySQL,Tableau,Directed,20,"opts.GraphNode(name=""Tableau"",symbol_size=20),","opts.GraphLink(source=""MySQL"", target=""Tableau""),"
663,MySQL,SAS,Directed,6,"opts.GraphNode(name=""SAS"",symbol_size=6),","opts.GraphLink(source=""MySQL"", target=""SAS""),"
664,MySQL,Big Data,Directed,2,"opts.GraphNode(name=""Big Data"",symbol_size=2),","opts.GraphLink(source=""MySQL"", target=""Big Data""),"
665,MySQL,AWS,Directed,4,"opts.GraphNode(name=""AWS"",symbol_size=4),","opts.GraphLink(source=""MySQL"", target=""AWS""),"
666,MySQL,Scala,Directed,2,"opts.GraphNode(name=""Scala"",symbol_size=2),","opts.GraphLink(source=""MySQL"", target=""Scala""),"
667,MySQL,NoSQL,Directed,2,"opts.GraphNode(name=""NoSQL"",symbol_size=2),","opts.GraphLink(source=""MySQL"", target=""NoSQL""),"
668,MySQL,Oracle,Directed,20,"opts.GraphNode(name=""Oracle"",symbol_size=20),","opts.GraphLink(source=""MySQL"", target=""Oracle""),"
669,MySQL,AI,Directed,2,"opts.GraphNode(name=""AI"",symbol_size=2),","opts.GraphLink(source=""MySQL"", target=""AI""),"
670,MySQL,Microsoft SQL Server,Directed,4,"opts.GraphNode(name=""Microsoft SQL Server"",symbol_size=4),","opts.GraphLink(source=""MySQL"", target=""Microsoft SQL Server""),"
671,MySQL,TensorFlow,Directed,2,"opts.GraphNode(name=""TensorFlow"",symbol_size=2),","opts.GraphLink(source=""MySQL"", target=""TensorFlow""),"
673,MySQL,Azure,Directed,2,"opts.GraphNode(name=""Azure"",symbol_size=2),","opts.GraphLink(source=""MySQL"", target=""Azure""),"
674,MySQL,Microsoft Office,Directed,2,"opts.GraphNode(name=""Microsoft Office"",symbol_size=2),","opts.GraphLink(source=""MySQL"", target=""Microsoft Office""),"
675,MySQL,Excel,Directed,16,"opts.GraphNode(name=""Excel"",symbol_size=16),","opts.GraphLink(source=""MySQL"", target=""Excel""),"
676,MySQL,JavaScript,Directed,4,"opts.GraphNode(name=""JavaScript"",symbol_size=4),","opts.GraphLink(source=""MySQL"", target=""JavaScript""),"
677,MySQL,PostgreSQL,Directed,6,"opts.GraphNode(name=""PostgreSQL"",symbol_size=6),","opts.GraphLink(source=""MySQL"", target=""PostgreSQL""),"
678,MySQL,MySQL,Directed,24,"opts.GraphNode(name=""MySQL"",symbol_size=24),","opts.GraphLink(source=""MySQL"", target=""MySQL""),"
679,Perl,Python,Directed,12,"opts.GraphNode(name=""Python"",symbol_size=12),","opts.GraphLink(source=""Perl"", target=""Python""),"
680,Perl,SQL,Directed,10,"opts.GraphNode(name=""SQL"",symbol_size=10),","opts.GraphLink(source=""Perl"", target=""SQL""),"
681,Perl,R,Directed,46,"opts.GraphNode(name=""R"",symbol_size=46),","opts.GraphLink(source=""Perl"", target=""R""),"
682,Perl,Java,Directed,10,"opts.GraphNode(name=""Java"",symbol_size=10),","opts.GraphLink(source=""Perl"", target=""Java""),"
683,Perl,Tableau,Directed,8,"opts.GraphNode(name=""Tableau"",symbol_size=8),","opts.GraphLink(source=""Perl"", target=""Tableau""),"
684,Perl,SAS,Directed,2,"opts.GraphNode(name=""SAS"",symbol_size=2),","opts.GraphLink(source=""Perl"", target=""SAS""),"
685,Perl,AWS,Directed,2,"opts.GraphNode(name=""AWS"",symbol_size=2),","opts.GraphLink(source=""Perl"", target=""AWS""),"
686,Perl,Scala,Directed,2,"opts.GraphNode(name=""Scala"",symbol_size=2),","opts.GraphLink(source=""Perl"", target=""Scala""),"
687,Perl,Oracle,Directed,4,"opts.GraphNode(name=""Oracle"",symbol_size=4),","opts.GraphLink(source=""Perl"", target=""Oracle""),"
688,Perl,Linux,Directed,2,"opts.GraphNode(name=""Linux"",symbol_size=2),","opts.GraphLink(source=""Perl"", target=""Linux""),"
689,Perl,Azure,Directed,2,"opts.GraphNode(name=""Azure"",symbol_size=2),","opts.GraphLink(source=""Perl"", target=""Azure""),"
690,Perl,Git,Directed,2,"opts.GraphNode(name=""Git"",symbol_size=2),","opts.GraphLink(source=""Perl"", target=""Git""),"
691,Perl,Excel,Directed,32,"opts.GraphNode(name=""Excel"",symbol_size=32),","opts.GraphLink(source=""Perl"", target=""Excel""),"
692,Perl,Perl,Directed,46,"opts.GraphNode(name=""Perl"",symbol_size=46),","opts.GraphLink(source=""Perl"", target=""Perl""),"